Class Index,Description
1,Reuters - Venezuelans turned out early\and in large numbers on Sunday to vote in a historic referendum\that will either remove left-wing President Hugo Chavez from\office or give him a new mandate to govern for the next two\years.
1,"Reuters - South Korean police used water cannon in\central Seoul Sunday to disperse at least 7,000 protesters\urging the government to reverse a controversial decision to\send more troops to Iraq."
1,"Reuters - Thousands of Palestinian\prisoners in Israeli jails began a hunger strike for better\conditions Sunday, but Israel's security minister said he\didn't care if they starved to death."
1,"AFP - Sporadic gunfire and shelling took place overnight in the disputed Georgian region of South Ossetia in violation of a fragile ceasefire, wounding seven Georgian servicemen."
1,"AP - Dozens of Rwandan soldiers flew into Sudan's troubled Darfur region Sunday, the first foreign armed force deployed in the area since Arab militiamen began a rampage against black African farmers, killing thousands."
1,"Reuters - Rwandan troops were airlifted on Sunday\to Sudan's Darfur as the first foreign force there, mandated to\protect observers monitoring a cease-fire between the Sudanese\government and rebels in the troubled western region."
1,"AP - A bomb exploded during an Independence Day parade in India's remote northeast Sunday, killing at least 15 people, including schoolchildren, while a rocket attack during a celebration at a school in the separatist region of Kashmir injured 17, officials said."
1,AFP - Australia's foreign minister will pay a rare visit to North Korea this week for talks on its nuclear programme after creating a stir here by warning a North Korean missile would be able to hit Sydney.
1,"AP - Democratic presidential candidate John Kerry does not plan to visit Florida in the aftermath of Hurricane Charley because he's concerned his campaign entourage could distract from recovery efforts, he said Saturday."
1,AP - Democratic vice presidential candidate John Edwards called for changes to prescription drug programs and praised running mate John Kerry's military and government service at an outdoor campaign rally here Saturday.
1,"AFP - Although polls show the US presidential race a virtual dead heat, Democrat John Kerry appears to be gaining an edge over George W. Bush among the key states that could decide the outcome."
1,"AP - Congress must pass legislation to protect the nation's electricity grid if it wants to avoid repeats of the devastating outages that rolled across eight states last year, Sen. Maria Cantwell, D-Wash., said Saturday."
1,"AP - Missouri's attorney general sued the federal environmental agency on Friday, saying it is behind on testing the state's air for lead as required by law."
1," BAGHDAD (Reuters) - Insurgents fired mortars at a meeting  where Iraqi leaders met to pick an interim national assembly  Sunday, killing at least two people in a grim reminder of the  country's tortured path toward democracy."
1," TOKYO (Reuters) - Three Japanese ministers paid homage at a  controversial shrine for war dead Sunday, the 59th anniversary  of Japan's World War II surrender, a move that drew anger from  Asian neighbors."
1,"Clashes between US troops and Sadr militiamen escalated Thursday, as the US surrounded Najaf for possible siege."
1,"On Sunday, Venezuelans will decide whether to cut short the president's term, which is due to end in 2006."
1,"Amid a reevaluation, officials this week pushed the completion date for venues back to 2007."
1,Talks on setting up an Iraqi assembly continue despite fresh violence in Baghdad and the Shia stronghold of Najaf.
1,A referendum is under way in Venezuela to decide if President Hugo Chavez should remain in office.
1,"An ailing Pope John Paul II says Mass at Lourdes, the French shrine revered by Roman Catholics."
1,Rwandan troops arrive in Sudan to help protect ceasefire monitors in the war-ravaged Darfur region.
1,Ian Thorpe sets the fastest time in the 200m freestyle as swimming's top names cruise into the semi-finals.
1,Iran's Arash Miresmaili withdraws from the Olympics amid confusion over his reasons.
1,Santa Barbara's sheriff asks a judge if he can release the results of an inquiry into Michael Jackson's treatment by police.
1,The Iraq crisis and differences over Nato loom over the US Defence Secretary's meeting with his Russian counterpart.
1,"Georgia and South Ossetia negotiate the details of a truce they forged, despite reports of a village attack."
1,The British journalist who was kidnapped in Iraq says he faced mock executions and tried to escape his captors.
1,A man convicted of raping and killing a schoolgirl is hanged in India's first execution in nine years.
1,Harry Potter author JK Rowling delights a small group of fans by giving her first public reading in Scotland for four years.
1,"CARACAS -- Partisans on both sides are calling it the most polarized and important election in Venezuela's history, a presidential recall referendum today that will determine the course of democracy here and could buffet world oil prices. Both campaigns are also utterly convinced they will win."
1,"LONDON -- On a sweltering August afternoon, George Watson wedged himself, his briefcase, his sports jacket, and his raincoat into a narrow seat aboard the profoundly un-air-conditioned No. 38 bus, as it resumed its rumble down High Holborn, in London's bustling city center."
1,"KABUL, Afghanistan -- Rival militias clashed in western Afghanistan yesterday, reportedly killing 21 people and ramping up concern about security as the country prepares for landmark elections."
1,"BAGHDAD -- After more than a week of fighting between the Mahdi Army and the combined US and Iraqi forces in Najaf, Baghdad's Sadr City, and a half-dozen other cities, analysts say neither interim Prime Minister Iyad Allawi nor radical cleric Moqtada al-Sadr had any good options left other than to talk."
1,"SASEBO, Japan -- On a cloudless afternoon in this sleepy port city, an 11-year-old girl drenched in blood and clutching a box cutter walked into the lunchroom at her elementary school. Teachers and students froze, assuming the sixth-grader known for her lighthearted nature had gravely hurt herself -- but she quickly dispelled that impression, witnesses said, by uttering a few ..."
1,"SARAJEVO, Bosnia-Herzegovina -- When NATO forces first came to Bosnia nearly a decade ago, they lived in heavily guarded compounds, patrolled the streets in tanks, and often wore full body armor."
1,"SEOUL -- For years, Lee Yu Jin kept her secret. Whenever anybody asked -- and they did all the time as her celebrity as an actress and model spread -- she simply denied the rumors. No, she was not a foreigner. She was Korean."
1,"CARACAS, Venezuela - The opposition's long and bitter campaign to oust Venezuelan President Hugo Chavez finally came down to a recall referendum Sunday, with the leftist leader hoping a huge turnout among the poor will keep him in power.    Activists on both sides set off fireworks and blared recordings of bugle music to wake voters hours before dawn, hoping for a flood of early votes in their favor..."
1,"PUNTA GORDA, Fla. - After getting a first look at the widespread damage left behind by Hurricane Charley, Florida residents were faced with the arduous task of sorting through the wreckage, and for some, starting over again..."
1,"MIAMI - Hurricane Charley probably will not cause Floridians' insurance premiums to skyrocket like 1992's Andrew, and fewer insurers should go bankrupt from paying out damages expected to reach the billions of dollars, state and industry officials said Saturday.    They say previous premium increases and overhauls made because of Andrew, the most expensive natural disaster in U.S..."
1,"PUNTA GORDA, Fla. - After getting a first look at the widespread damage left behind by Hurricane Charley, Florida residents were faced with the arduous task of sorting through the wreckage, and for some, starting over again..."
1,"ATHENS, Greece - Michael Phelps took care of qualifying for the Olympic 200-meter freestyle semifinals Sunday, and then found out he had been added to the American team for the evening's 400 freestyle relay final. Phelps' rivals Ian Thorpe and Pieter van den Hoogenband and teammate Klete Keller were faster than the teenager in the 200 free preliminaries..."
1,"CARACAS, Venezuela - The opposition's long and bitter campaign to oust Venezuelan President Hugo Chavez finally came down to a recall referendum Sunday, with the leftist leader hoping a huge turnout among the poor will keep him in power.    Officials from around the world - including Pope John Paul II and U.S..."
1,"NEW DELHI - A bomb exploded during an Independence Day parade in India's remote northeast on Sunday, killing at least 15 people, officials said, just an hour after Prime Minister Manmohan Singh pledged to fight terrorism. The outlawed United Liberation Front of Asom was suspected of being behind the attack in Assam state and a second one later in the area, said Assam Inspector General of Police Khagen Sharma..."
1,"OREM, Utah - Family and friends of Lori Hacking gathered Saturday for a memorial service to remember the woman whom authorities believe was slain by her husband while she slept.    About 600 people attended the service, including the parents of both Lori Hacking and her husband, Mark, who has been charged with her murder..."
1,"ATHENS, Greece - Michael Phelps took care of qualifying for the Olympic 200-meter freestyle semifinals Sunday, and then found out he had been added to the American team for the evening's 400 freestyle relay final.    Phelps' rivals Ian Thorpe and Pieter van den Hoogenband and teammate Klete Keller were faster than the teenager in the 200 free preliminaries..."
1,"LOURDES, France - A frail Pope John Paul II celebrated an open-air Mass on Sunday as several hundred thousand pilgrims, many in wheelchairs, crowded onto a field near a French shrine to the Virgin Mary that is associated with miraculous cures of the sick.    The Mass was a highlight of the Pope's two-day visit to Lourdes, a town in the Pyrenees where Roman Catholic tradition says St..."
1,Iraq will send troops to Najaf to battle a Shiite Muslim militia after peace talks collapsed between the government and Moqtada Sadr.
1,The fallout from Shiites fighting U.S. Marines in a holy city could weaken Iraq's new government
1,Reuters - Thousands of U.S. troops in Afghanistan\may have failed to catch Osama bin Laden but they are credited\with encouraging millions of Afghans to register for the\country's historic election in October.
1,"Reuters - Insurgents fired mortars at a meeting\where Iraqi leaders met to pick an interim national assembly\Sunday, killing at least two people in a grim reminder of the\country's tortuous path toward democracy."
1,"AP - Despite the steady clang of mortar shells outside and persistent violence in the country, many delegates at the opening on Sunday of Iraq's National Conference held out hope that this first fragile taste of democracy would succeed."
1,"AP - The U.S. Coast Guard boarded the ship in the choppy Caribbean waters and began counting crew members, but the numbers did not match those given earlier."
1,Canadian Press - OTTAWA (CP) - Canada's police chiefs propose a surcharge of about 25 cents on monthly telephone and Internet bills to cover the cost of tapping into the communications of terrorists and other criminals.
1,AFP - The top Democrat on the House intelligence committee urged fellow lawmakers not to allow confirmation hearings on a new CIA director to derail efforts to overhaul US spy agencies.
1," CARACAS, Venezuela (Reuters) - Venezuelans crowded polling  stations on Sunday to vote on whether to recall left-wing  President Hugo Chavez or back his mandate to govern the world's  No. 5 oil exporter for the next two years."
1," TEHRAN (Reuters) - Kidnappers holding an Iranian diplomat  in Iraq will ""punish"" him within 48 hours if Iran does not  release 500 prisoners captured in its 1980-1988 war with Iraq,  Iranian state television said Sunday."
1, KABUL (Reuters) - Thousands of U.S. troops in Afghanistan  may have failed to catch Osama bin Laden but they are credited  with encouraging millions of Afghans to register for the  country's historic election in October.
1," VADUZ, Liechtenstein (Reuters) - The people of  Liechtenstein ushered in a new era Sunday as the tiny Alpine  principality welcomed a new ruler and sought to shed its image  as a haven for money launderers."
1,Two days of celebrations to honour the Allied veterans who liberated southern France near a climax.
1,"""Jam band"" Phish play their last gigs together at a special festival in the US which has attracted thousands of fans."
1,Clashes with riot police erupt as thousands protest in Seoul against plans to send troops to help US-led forces in Iraq.
1,Hurricane Charley - one of the most powerful storms in the nation's history - caused at least \$20 billion in damage in Florida alone.
1,"ATHENS, Greece - Michael Phelps took care of qualifying for the Olympic 200-meter freestyle semifinals Sunday, and then found out he had been added to the American team for the evening's 400 freestyle relay final.    Phelps' rivals Ian Thorpe and Pieter van den Hoogenband and teammate Klete Keller were faster than the teenager in the 200 free preliminaries..."
1,"LOURDES, France - A sick man among the sick, Pope John Paul II struggled through Sunday Mass at a French shrine that draws desperate people seeking miracle cures. The 84-year-old pontiff gasped, trembled and asked aides for help during the 2 1/2 hour service in sizzling heat..."
1,"HAVEN, Wis. - Whistling Straits is suddenly the least of anyone's worries..."
1,"CARACAS, Venezuela - Voters turned out in huge numbers Sunday to decide whether to keep populist President Hugo Chavez in power or oust him and his social revolution that critics say has sidelined the middle class and fueled tensions between rich and poor.    Activists on both sides set off huge firecrackers and played recorded bugle songs to wake voters hours before dawn..."
1,"WASHINGTON - Increasing numbers of National Guard and Reserve troops who have returned from war in Iraq and Afghanistan are encountering new battles with their civilian employers at home. Jobs were eliminated, benefits reduced and promotions forgotten..."
1,"REDDING, Calif. - A wind-fueled wildfire roared through an old mining town near Redding on Sunday, destroying 20 homes and forcing nearly 125 residents to flee, officials said..."
1,"PUNTA GORDA, Fla. - As Florida residents began sweeping up the wreckage left behind by Hurricane Charley, officials on Sunday estimated damages as high as \$11 billion for insured homes alone..."
1,"Canadian Press - GRAND PRE, N.S. (CP) - Prime Minister Paul Martin was met with a silent protest Sunday as he attended the closing of the World Acadian Congress in Nova Scotia."
1," RAMALLAH, West Bank (Reuters) - Thousands of Palestinian  prisoners in Israeli jails began a hunger strike for better  conditions on Sunday, but Israel's security minister said he  didn't care if they starved to death."
1," LOURDES, France (Reuters) - Pope John Paul, a sick man  among the sick, wound up a emotional visit to this miracle  shrine Sunday and struggled with iron determination to finish a  sermon in order to encourage others suffering around him."
1,"ATHENS, Greece - Mark Spitz can rest easy. The best Michael Phelps can do is win seven gold medals at these Olympics..."
1,"ATHENS, Greece - In an upset that was as historic as it was inevitable, the U.S. men's basketball team lost for only the third time ever in the Olympics on Sunday, 92-73 to Puerto Rico..."
1," CARACAS, Venezuela (Reuters) - Venezuelans crowded polling  stations on Sunday to vote on whether to recall left-wing  President Hugo Chavez or back his mandate to govern the world's  No. 5 oil exporter for the next two years."
1,"AP - A sick man among the sick, Pope John Paul II struggled through Sunday Mass at a French shrine that draws desperate people seeking miracle cures. The 84-year-old pontiff gasped, trembled and asked aides for help during the 2 1/2 hour service in sizzling heat."
1,"PUNTA GORDA, Fla. - Residents left homeless by Hurricane Charley's 145 mph winds dug through their ravaged homes on Sunday, sweeping up shattered glass and rescuing what they could as President Bush promised rapid delivery of disaster aid..."
1,"LAS VEGAS - Hotel heiress Nicky Hilton married a New York money manager before dawn Sunday in an impromptu ceremony, according to court filings obtained by The Associated Press.    Hilton, 20, married Todd Andrew Meister, 33, at the Las Vegas Wedding Chapel, according a Clark County marriage license..."
1,"WASHINGTON - Going against conventional wisdom, the Federal Reserve is raising interest rates in an election year. And it is Fed Chairman Alan Greenspan, a Republican, who is leading the charge even though an incumbent Republican in the White House is facing voter unrest about the state of the economy..."
1,"NAJAF, Iraq - U.S. tanks and troops rolled back into the center of Najaf and battled with Shiite militants Sunday, reigniting violence in the holy city just as delegates in Baghdad opened a conference meant to be a landmark in the country's movement toward democracy..."
1,"CARACAS, Venezuela - Summoned by bugle calls and firecrackers, millions of Venezuelans turned out in unprecedented numbers Sunday to vote on whether to force leftist President Hugo Chavez from office.    Lines snaked for blocks in upscale neighborhoods, where suspicion is high that the leftist leader plans a Cuba-style dictatorship, and in the slums, where support for his ""revolution for the poor"" is fervent..."
1,JERUSALEM - The Israeli man at the center of New Jersey Gov. James E...
1,"AP - Venezuela's oil industry will enter a new period of stability and growth after Sunday's referendum on Hugo Chavez's presidency, the president of the state-run oil company said Sunday."
1,"AFP - Italy was on high alert as a group linked to Al-Qaeda reportedly threatened to attack, singling out Prime Minister Silvio Berlusconi as a target, after the expiry of a deadline for Rome to pull its troops out of Iraq."
1,"AP - Capping an intense 10-day competition for Iowa's seven electoral votes, Democratic vice presidential nominee John Edwards accused the Bush administration on Sunday of being captured by drug and insurance interests at the expense of working families."
1,Fighting in Najaf threatened to undermine a conference to choose a national assembly.
1,"The unprecedented vote was sluggish as huge crowds lined up at voting booths. Results were not expected until 8 p.m., or later."
1,"LOS ANGELES - Movie-goers were easy prey for a double dose of space invaders. The sci-fi smackdown ""Alien vs..."
1,"ATHENS, Greece - In an upset as historic as it was inevitable, Tim Duncan, Allen Iverson and the rest of the U.S. basketball team lost 92-73 to Puerto Rico on Sunday, only the third Olympic loss ever for America and its first since adding pros..."
1, UNITED NATIONS (Reuters) - The U.N. Security Council met in  emergency session concerning Burundi on Sunday following the  massacre of more than 150 Tutsi Congolese refugees at a camp in  western Burundi.
1,"Reuters - Rwandan troops arrived in\Darfur Sunday as the first foreign force there, mandated to\protect observers monitoring a shaky cease-fire between the\Sudanese government and rebels in the remote western region."
1," EL FASHER, Sudan (Reuters) - Rwandan troops arrived in  Darfur Sunday as the first foreign force there, mandated to  protect observers monitoring a shaky cease-fire between the  Sudanese government and rebels in the remote western region."
1,"NAJAF, Iraq - U.S. tanks and troops rolled back into the center of Najaf and battled with Shiite militants Sunday, reigniting violence in the holy city just as delegates in Baghdad opened a conference meant to be a landmark in the country's movement toward democracy..."
1,"AP - The new U.N. administrator for Kosovo took control Sunday of the Serbian province, which has remained deeply divided along ethnic lines since the end of a 1999 war."
1,"CARACAS, Venezuela - Summoned by bugle calls and the detonations of huge firecrackers, Venezuelans turned out in unprecedented numbers Sunday to vote on whether to force leftist President Hugo Chavez from office.    Some lines at polling places extended for 1.25 miles, stunning even veteran election monitors..."
1," CARACAS, Venezuela (Reuters) - Venezuelans crowded polling  stations on Sunday to vote on whether to recall left-wing  President Hugo Chavez or back his mandate to govern the world's  No. 5 oil exporter for the next two years."
1,Scientists are developing a device which could improve the lives of kidney dialysis patients.
1,"AP - U.S. tanks and troops rolled back into the center of Najaf and battled with Shiite militants Sunday, reigniting violence in the holy city just as delegates in Baghdad opened a conference meant to be a landmark in the country's movement toward democracy."
1,"WASHINGTON - Defense Secretary Donald Rumsfeld briefed his Russian counterpart over the weekend on U.S. plans to shift its forces stationed around the globe, in some cases potentially bringing them closer to Russia's borders..."
2,"AP - Michael Phelps took care of qualifying for the Olympic 200-meter freestyle semifinals Sunday, and then found out he had been added to the American team for the evening's 400 freestyle relay final. Phelps' rivals Ian Thorpe and Pieter van den Hoogenband and teammate Klete Keller were faster than the teenager in the 200 free preliminaries."
2,"AP - Wily Mo Pena homered twice and drove in four runs, helping the Cincinnati Reds beat the San Diego Padres 11-5 on Saturday night. San Diego was knocked out of a share of the NL wild-card lead with the loss and Chicago's victory over Los Angeles earlier in the day."
2,"AFP - National Basketball Association players trying to win a fourth consecutive Olympic gold medal for the United States have gotten the wake-up call that the ""Dream Team"" days are done even if supporters have not."
2,"AP - The Cleveland Indians pulled within one game of the AL Central lead, scoring four runs in the first inning and beating the Minnesota Twins 7-1 Saturday night behind home runs by Travis Hafner and Victor Martinez."
2,"AP - Kevin Hartman made seven saves for Los Angeles, and Jon Busch had two saves for Columbus as the Galaxy and Crew played to a 0-0 tie Saturday night."
2,"AP - Southern California will begin defense of its first national title in 31 years as the No. 1 team in the nation. The Trojans earned the top spot in the preseason Associated Press poll released Saturday by receiving 48 of 65 first-place votes and 1,603 points."
2,"AP - Italy's Flavia Pennetta won the Idea Prokom Open for her first WTA Tour title, beating Klara Koukalova of the Czech Republic 7-5, 3-6, 6-3 Saturday after French Open champion Anastasia Myskina withdrew before the semifinals because of a rib injury."
2," ATHENS (Reuters) - Michael Phelps, his first gold medal  safely gathered in, eased through the next phase of his  monumental Olympic challenge in the heats of the 200 meters  freestyle Sunday but the immensity of the task ahead was clear."
2, ATHENS (Reuters) - A diplomatic wrangle of Olympic  proportions was avoided Sunday when Iranian world judo champion  Arash Miresmaeili failed to make the weight for his clash with  an Israeli opponent.
2," KOHLER, Wisconsin (Reuters) - Tiger Woods failed to make  the most of a red-hot start in the U.S. PGA Championship third  round on Saturday, having to settle for a three-under-par 69."
2," ATHENS (Reuters) - But for a decision that enraged her  coach, LaTasha Colander might have been the Marion Jones of the  Athens Olympics."
2, NEW YORK (Reuters) - John Olerud sunk his former team by  recording a two-run single in the eighth inning to drive in the  go-ahead runs which earned the New York Yankees a 6-4 win over  the host Seattle Mariners in the American League Saturday.   
2, NEW YORK (Reuters) - Chipper Jones cracked two homers and  Julio Franco's two-run double in the seventh inning drove in  the winning runs as the streaking Atlanta Braves downed the St.  Louis Cardinals 9-7 in the National League Saturday.
2," ATHENS (Reuters) - The honor of Greece lies above  individual athletes and no backstage antics should compromise  it, Greek media said Sunday, after the country's top athletes  were suspended from the team under a cloud of doping suspicion."
2," ATHENS (Reuters) - The United States beat Canada in a world  best time to qualify for the final of the men's Olympic eights  race Sunday, as the two crews renewed their fierce rivalry in  front of a raucous crowd at Schinias."
2,"Avoiding the late trouble that knocked other contenders off track, Vijay Singh held a one-stroke lead over Justin Leonard heading into the final round of the P.G.A. Championship."
2,John Olerud reveled in his return to Safeco Field by slapping a two-run single that lifted the Yankees and saved Esteban Loaiza from a defeat.
2,Family Day in the Fens means fun and games to most folks. Players toddle around the bases with wide-eyed kids. Mothers beam. Children smile. All is bliss on the sun-splashed emerald lawn.
2,"The Yankees' Alex Rodriguez , who missed Friday night's game with the flu and stayed back at the team hotel yesterday, dropped his appeal of a four-game suspension issued for his involvement in the July 24 brawl at Boston and began serving the penalty. He won't be eligible to play until Thursday at Minnesota."
2,"Kerry Wood homered and allowed four hits in eight innings, leading the Chicago Cubs over the visiting Los Angeles Dodgers, 2-0, yesterday."
2,"With Scott Williamson bracing for a potentially grim diagnosis of his latest elbow injury, the Red Sox last night appeared poised to move on without him as Curtis Leskanic inched closer to rejoining the club. The Sox initially indicated they would make an announcement last night on Williamson's injury but changed their position during the first inning of the game ..."
2,"Player introductions at the final Citizens Bank Summer Caravan stop produced an awkward moment. Walter McCarty and Raef LaFrentz were the featured guests for the free basketball clinic at the Cambridge Family YMCA late last week. McCarty's presence yielded chants of  quot;Walter, Walter quot; from the crowd of 125 kids. LaFrentz left the young fans wondering,  quot;Who is he? quot; The projected ..."
2,"HAVEN, Wis. -- Perched high on the bluffs overlooking Lake Michigan, Whistling Straits is a massive, windswept landscape, as large a golf course as \$40 million can buy. It is complete with sand dunes that could double as ski slopes and deep bunkers that should require elevators."
2,"ATHENS -- Star sprinters Kostas Kenteris and Katerina Thanou were suspended yesterday from the Greek Olympic team for missing drug tests, but their fate was left in the hands of the International Olympic Committee."
2,"Rich Gannon , the 2002 NFL MVP who was knocked out of the Raiders' loss to Kansas City last Oct. 20 and had shoulder surgery in November, was 9 for 15 for 69 yards in visiting Oakland's 33-30 exhibition win over the San Francisco 49ers last night."
2,"Friday night came as close to an old-time local battle for viewers among Channels 4, 5, and 7 as we're likely to see. It was a throwback to pre-cable, pre-dish, and even pre-UHF days as the three local  quot;originals quot; served up a special night of sports programming. Although Red Sox-White Sox was on Channel 4's  quot;sister quot; station, Channel 38, it ..."
2,"WASHINGTON -- Rookie Andy Dorman didn't even have time to get his white, long-sleeved jersey smudged on the sloppy RFK Stadium field last night before salvaging a 2-2 tie for the Revolution against D.C. United. Fifty-five seconds after entering the game as a late substitute, Dorman buried a low shot from inside the penalty area and extended his team's unbeaten ..."
2,"OCEANPORT, N.J. -- Sing Me Back Home pulled away in the stretch to win the \$60,000 Decathalon Handicap at Monmouth Park yesterday, equaling the track record for 5 furlongs."
2,"HAVEN, Wis. -- If he were acting his age, Jay Haas would have had the weekend off, resting on his laurels and reaping the benefits of the nice-and-easy Champions Tour."
2,Southern California greeted news of its first preseason No. 1 ranking since 1979 with ambivalence.
2,"HAVEN, Wis. -- For 18 holes, Stuart Appleby played flawless golf in yesterday's third round, four birdies and 14 pars. It wasn't until he was done playing that he discovered that it wasn't as good a day as he had thought, that he had made a quadruple bogey."
2,Fifth and ninth for Fernando and Jarno following qualifying for tomorrow's Hungarian Grand Prix.
2,"The teams have just finished their final preparations for the race and qualifying, in much lower temperatures than yesterday."
2,The Renault F1 Team drivers explain how you can make up positions at the Hungarian circuit.
2,"The Renault F1 Team ran through its programme without worrying about the timesheets or its rivals. The focus has been on Sundays race, not Fridays glory."
2,"Fernando tenth and Jarno seventeenth but no cause for concern, while Pat Symonds explains the challenges of Fridays at the race."
2,A fourth-quarter lead proves fleeting for the Redskins as John Kasay hits a 52-yard field goal Saturday to give the Panthers a 23-20 overtime win.
2,Defending national champion USC begins the 2004 season right where it left off the year before - as the top ranked team in the AP Top 25 poll.
2,There were few offensive highlights during Virginia Tech's first scrimmage of fall practice on Saturday.
2,"Treat Huey, the two-time All-Met Player of the year, suffered a 6-2, 6-0 loss to 29-year-old journeyman Mashiska Washington, the younger brother of former pro and 1996 Wimbledon finalist Malivai."
2,"BALTIMORE, Aug. 14 -- Even before Hurricane Charley ranged up the East Coast and began to drop its drizzle on Pimlico Race Course, the \$75,000 All Brandy Stakes for Maryland-bred fillies and mares had been taken off the track's beat-up turf course."
2,"At 5 feet 8, 160 pounds, second baseman Mike Fontenot looks more like the Class AAA Ottawa Lynx's batboy than one of the Baltimore Orioles' top prospects."
2,The U.S. women's and men's eights team both set world bests in the Olympic rowing competition Sunday along with Australian pair Sally Newmarch and Amber Halliday.
2,"Michael Phelps is named to the 4x100-meter freestyle relay team that will compete in Sunday's final, keeping alive his quest for a possible eight Olympic gold medals."
2,"AP - With Kobe Bryant's sexual assault trial scheduled to begin in less than two weeks, speculation is mounting that prosecutors are looking for a way to dismiss the charge after a series of setbacks."
2,AP - Pitcher Mike Bacsik was designated for assignment by the Texas Rangers on Sunday after going 1-1 with a 4.60 ERA in three starts.
2,"AP - Arsenal opened its defense of its English title with a 4-1 win at Everton on Sunday, making it 41 straight games without a loss in the Premier League."
2,"AP - Spain's Rafael Nadal won his first ATP singles title Sunday, beating Argentina's Jose Acasuso 6-3, 6-4 in the final at the Idea Prokom Open."
2,"AP - George Zahringer III is back for another shot at the U.S. Amateur. The New Yorker is one of three returning quarterfinalists for the tournament, which begins Monday at the Winged Foot Golf Club. Lee Williams of Alexander City, Ala., and Patrick Carter of Lesage, W.Va., complete the trio from last year's championship that was won by Nick Flanagan of Australia."
2, ATHENS (Reuters) - Spain's Pau Gasol got the better of  China's Yao Ming in Olympic basketball's own clash of the  giants Sunday.
2," KOHLER, Wis. (Reuters) - British Open champion Todd  Hamilton made the first significant move in the U.S. PGA  Championship final round Sunday as overnight pacesetter Vijay  Singh prepared for an afternoon tee-off."
2," ATHENS (Reuters) - Iran's world judo champion Arash  Miresmaeili refused to compete against an Israeli Sunday,  triggering a fresh crisis at the Olympic Games where race,  creed or color are barred from interfering in sport."
2, ATHENS (Reuters) - The United States kept itself firmly on  course for a third straight Olympic softball gold medal when it  thrashed Australia 10-0 Sunday.
2, BUDAPEST (Reuters) - Michael Schumacher cruised to a record  12th win of the season in the Hungarian Grand Prix on Sunday to  hand his Ferrari team a sixth successive constructors' title.
2,"AFP - Call them the ""Nightmare Team""."
2,"AP - Flyers star Jeremy Roenick paid more than  #36;100,000 to a Florida firm that made millions selling betting tips to gamblers, law enforcement officials told The Philadelphia Inquirer."
2, ATHENS (Reuters) - The United States lost their first  basketball match at the Olympics since 1988 on Sunday when  Puerto Rico gave them a shock 92-73 trouncing.
2, ATHENS (Reuters) - South Africa ruined Michael Phelps's  dream of winning a record eight gold medals at the Athens  Olympics with a stunning victory in the men's 4x100 meters  freestyle final on Sunday.
2," ATHENS (Reuters) - Iran defied the Olympic spirit on Sunday  by refusing to contest a judo bout with an Israeli at the  Athens Games, making no effort to hide the fact it was putting  solidarity with the Palestinians before gold medals."
2, ATHENS (Reuters) - Daniela Sofronie displayed all her  athleticism to edge Romania ahead of the United States in the  Olympic women's gymnastics team qualifying Sunday.
2,"Flyers center Jeremy Roenick paid more than \$100,000 to a Florida firm that made millions selling betting tips to gamblers, law enforcement officials told The Philadelphia Inquirer."
2,"AP - Bothered more by the wind and her wrist wrap than her opponent, defending gold medalist Venus Williams overpowered Melinda Czink of Hungary 6-1, 6-2 in the opening match of the Athens Games' tennis tournament. Andy Roddick made his Olympic debut with a 6-3, 7-6 (4) victory over Flavio Saretta of Brazil, swatting 12 aces and 16 service winners."
2, ATHENS (Reuters) - American Misty May gave team mate Kerri  Walsh an ideal 26th birthday present with an easy victory over  Japan in their opening match of the Olympics beach volleyball  tournament on Sunday.
2,"The United States men's basketball team lost to Puerto Rico, 92-73. The loss could put the American gold medal hopes in jeopardy."
2, BUDAPEST (Reuters) - Michael Schumacher cruised to a record  12th win of the season in the Hungarian Grand Prix on Sunday to  hand his Ferrari team a sixth successive constructors' title.
2,"AP - Nicholls State football coach Daryl Daye was fired Sunday over accusations of academic fraud involving players and an assistant coach. Daye was not implicated in the alleged fraud, but an investigation found he failed to ""maintain proper controls"" of the assistant, the Southland Conference school said."
2, ATHENS (Reuters) - Iraq's fairytale Olympic run continued  on Sunday when they beat Costa Rica 2-0 to reach the  quarter-finals of the Athens Games.
2,South Africa won the gold medal Sunday in the men's 400-meter freestyle relay with a world-record time of 3 minutes 13.17 seconds.
2,"AP - David Newhan tied a career high with four hits, including a go-ahead double in Baltimore's eight-run eighth inning, and the Orioles rallied for an 11-7 victory over the Toronto Blue Jays on Sunday."
2,AP - Brett Tomko allowed one run in six innings for his first win in nearly a month and helped San Francisco complete a three-game sweep of the Philadelphia Phillies with a 3-1 victory Sunday.
2, ATHENS (Reuters) - South Africa ruined Michael Phelps's  dream of winning a record eight gold medals in a dramatic and  controversial day of swimming at the Athens Olympics on Sunday.
2,"NEW YORK (AP) -- Randy Johnson took a four-hitter into the ninth inning to help the Arizona Diamondbacks end a nine-game losing streak Sunday, beating Steve Trachsel and the New York Mets 2-0."
2,Eagles running back Bruce Perry will miss his rookie season after dislocating a shoulder in an exhibition game against the New England Patriots.
2," KOHLER, Wisconsin (Reuters) - American Justin Leonard  stayed on track for his second major title in the U.S. PGA  Championship final round on Sunday, moving two shots clear with  nine holes to play."
2,AP - Fullback Fred Beasley could be sidelined until the 49ers' season opener Sept. 12 against the Atlanta Falcons with a high left ankle sprain.
2,"AP - Adrian Beltre and Shawn Green homered, and Steve Finley hit a go-ahead RBI single in the eighth inning as the Los Angeles Dodgers rallied for an 8-5 victory over the Chicago Cubs on Sunday."
2,"AP - Scoville Jenkins, a 17-year-old from Atlanta, became the first black to win the 18s singles championship of the U.S. Tennis Association Boys Nationals."
2,"AP - Luis Castillo tied the score with a ninth-inning single, and pinch-hitter Damion Easley hit a two-run double in the 10th inning that led the Florida Marlins over the Milwaukee Brewers 5-3 Sunday."
2,Reuters - Randy Johnson struck out 14 batters in\8 1/3 innings to help the Arizona Diamondbacks end a nine-game\losing streak with a 2-0 win over the New York Mets on Sunday.
2, NEW YORK (Reuters) - Randy Johnson struck out 14 batters in  8 1/3 innings to help the Arizona Diamondbacks end a nine-game  losing streak with a 2-0 win over the New York Mets on Sunday.
2, NEW YORK (Reuters) - Corey Koskie clubbed a two-run homer  in the top of the 10th inning to help the Minnesota Twins hold  on to first place in the American League Central with a 4-2  road win over the Cleveland Indians.
2,"Whistling Straits has received magnificent reviews during the P.G.A. Championship, which is currently in a three-man playoff between Justin Leonard, Vijay Singh and Chris DiMarco."
2,"Puerto Rico upsets the United States, 92-73, at the men's basketball preliminaries on Sunday, the first loss at the Games for the three-time defending gold medalists since 1988."
2,"The regular Monday Morning contributors will return to this page next week, as will the weekly poll."
2,"Corey Koskie hit a two-run homer in the 10th inning as the Twins overcame a two-run deficit for a 4-2 win Sunday, giving them a two-game lead over the second-place Indians."
2,"At 23, pitcher Richard Stahl knows there's still time to impress the Baltimore Orioles' front office. He just needs to stay on the mound long enough."
2,Reuters - Corey Koskie clubbed a two-run homer\in the top of the 10th inning to help the Minnesota Twins hold\on to first place in the American League Central with a 4-2\road win over the Cleveland Indians.
2,"AP - The only birdie Vijay Singh made all day was the only one that mattered. All but counted out of the PGA Championship with a putter that failed him, Singh took advantage of a late collapse by Justin Leonard to get into a three-way playoff Sunday at Whistling Straits, then made the only birdie over the three extra holes to win the final major of the year."
2,"Vijay Singh outlasts Justin Leonard and Chris DiMarco in a three-way playoff to win the PGA Championship on Sunday at Whistling Straits in Haven, Wisconsin."
2,"AP - Chris DiMarco and Chris Riley faced knee-knocking pressure in the last round of the PGA Championship. And what did they get for their efforts? More of the same. DiMarco and Riley played themselves into the pressure-packed Ryder Cup with their performances Sunday in the year's final major. DiMarco finished second after a three-man, three-hole playoff and Riley was fourth  #151; good enough to knock Jay Haas and Steve Flesch out of the top 10 in the Ryder Cup point standings."
2,"AP - Michael Phelps surely didn't bargain for this. His quest to win eight gold medals is over, doomed by America's worst showing in the 400-meter freestyle relay. Gary Hall Jr. is ticked off. And now comes the toughest race of all against Ian Thorpe. Not exactly what Phelps had in mind when he decided to challenge Mark Spitz."
2,"AP - Reserve forward Toni Nhleko knocked in a header one minute into stoppage time, leading the Dallas Burn to a 1-0 victory over the first-place MetroStars on Sunday."
2,"AP - Tiger Woods came up empty in a major again, but he's still the No. 1 ranked player in the world."
2,"AP - Longtime Tennessee Tech women's basketball coach Bill Worrell has agreed to a new three-year contract with the option for three more years, the school announced Sunday."
2,AP - Brad Ott shot an 8-under 64 on Sunday to win the Nationwide Tour's Price Cutter Charity Championship for his first Nationwide victory.
2,Ralph Friedgen used a four-letter word to describe his Maryland team's offensive performance in Sunday's practice: blah.
2,"Michael Schumacher won the Hungarian Grand Prix Sunday in Budapest, setting yet another record by becoming the first Formula One driver with 12 victories in a season."
2,"When it comes to qualifying for the main draw of the Legg Mason Tennis Classic, Robert Kendrick knows that survival takes precedence and friendships are put on hold."
2,AP - Atlanta Falcons defensive end Patrick Kerney sprained his right knee in practice on Sunday when a lineman rolled on his leg.
2,"AP - This is what everyone was waiting for from Willis McGahee. After 19 months of recuperation and countless questions about the strength of his left knee, the Buffalo Bills running back finally provided some answers. McGahee had the go-ahead score on a 1-yard run in his NFL preseason debut, helping the Bills to a 16-6 win over the Denver Broncos on Sunday."
3,"Reuters - Short-sellers, Wall Street's dwindling\band of ultra-cynics, are seeing green again."
3,"Reuters - Private investment firm Carlyle Group,\which has a reputation for making well-timed and occasionally\controversial plays in the defense industry, has quietly placed\its bets on another part of the market."
3,Reuters - Soaring crude prices plus worries\about the economy and the outlook for earnings are expected to\hang over the stock market next week during the depth of the\summer doldrums.
3,"Reuters - Authorities have halted oil export\flows from the main pipeline in southern Iraq after\intelligence showed a rebel militia could strike\infrastructure, an oil official said on Saturday."
3,"AFP - Tearaway world oil prices, toppling records and straining wallets, present a new economic menace barely three months before the US presidential elections."
3,"Reuters - Stocks ended slightly higher on Friday\but stayed near lows for the year as oil prices surged past  #36;46\a barrel, offsetting a positive outlook from computer maker\Dell Inc. (DELL.O)"
3,"AP - Assets of the nation's retail money market mutual funds fell by  #36;1.17 billion in the latest week to  #36;849.98 trillion, the Investment Company Institute said Thursday."
3,"USATODAY.com - Retail sales bounced back a bit in July, and new claims for jobless benefits fell last week, the government said Thursday, indicating the economy is improving from a midsummer slump."
3,"Forbes.com - After earning a PH.D. in Sociology, Danny Bazil Riley started to work as the general manager at a commercial real estate firm at an annual base salary of  #36;70,000. Soon after, a financial planner stopped by his desk to drop off brochures about insurance benefits available through his employer. But, at 32, ""buying insurance was the furthest thing from my mind,"" says Riley."
3," NEW YORK (Reuters) - Short-sellers, Wall Street's dwindling  band of ultra-cynics, are seeing green again."
3, NEW YORK (Reuters) - Soaring crude prices plus worries  about the economy and the outlook for earnings are expected to  hang over the stock market next week during the depth of the  summer doldrums.
3," TEHRAN (Reuters) - OPEC can do nothing to douse scorching  oil prices when markets are already oversupplied by 2.8 million  barrels per day (bpd) of crude, Iran's OPEC governor said  Saturday, warning that prices could fall sharply."
3," JAKARTA (Reuters) - Non-OPEC oil exporters should consider  increasing output to cool record crude prices, OPEC President  Purnomo Yusgiantoro said on Sunday."
3, WASHINGTON/NEW YORK (Reuters) - The auction for Google  Inc.'s highly anticipated initial public offering got off to a  rocky start on Friday after the Web search company sidestepped  a bullet from U.S. securities regulators.
3, NEW YORK (Reuters) - The dollar tumbled broadly on Friday  after data showing a record U.S. trade deficit in June cast  fresh doubts on the economy's recovery and its ability to draw  foreign capital to fund the growing gap.
3,"If you think you may need to help your elderly relatives with their finances, don't be shy about having the money talk -- soon."
3,The purchasing power of kids is a big part of why the back-to-school season has become such a huge marketing phenomenon.
3,"There is little cause for celebration in the stock market these days, but investors in value-focused mutual funds have reason to feel a bit smug -- if only because they've lost less than the folks who stuck with growth."
3,"The US trade deficit has exploded 19 to a record \$55.8bn as oil costs drove imports higher, according to a latest figures."
3,"Oil giant Shell could be bracing itself for a takeover attempt, possibly from French rival Total, a  press report claims."
3,"The bidding gets underway for Google's public offering, despite last-minute worries over an interview with its bosses in Playboy magazine."
3,"Official figures show the 12-nation eurozone economy continues to grow, but there are warnings it may slow down later in the year."
3,Economic growth in Japan slows down as the country experiences a drop in domestic and corporate spending.
3,"Interest rates are trimmed to 7.5 by the South African central bank,  but the lack of warning hits the rand and surprises markets."
3,"The cost of buying both new and second hand cars fell sharply over the past five years, a new survey has found."
3,South Korea's central bank cuts interest rates by a quarter percentage point to 3.5 in a bid to drive growth in the economy.
3,"An auction of shares in Google, the web search engine which could be floated for as much as \$36bn, takes place on Friday."
3,"Hewlett-Packard shares fall after disappointing third-quarter profits, while the firm warns the final quarter will also fall short of expectations."
3,One of the oldest textile operators on the Indian Ocean island of Mauritius last week shut seven factories and cut 900 jobs.
3,"Chad asks the IMF for a loan to pay for looking after more than 100,000 refugees from conflict-torn Darfur in western Sudan."
3,The company running the Japanese nuclear plant hit by a fatal accident is to close its reactors for safety checks.
3,"Trevor Baylis, the veteran inventor famous for creating the Freeplay clockwork radio, is planning to float his company on the stock market."
3,"Saudi Arabia says it is ready to push an extra 1.3 million barrels a day of oil into the market, to help reverse surging prices."
3,A group led by the UAE's Etisalat plans to spend \$1bn (544m) on expansion after winning two mobile phone licences in Saudi Arabia.
3,Network Rail flies in specialist Indian engineers to work on the West Coast Mainline because of a UK skills shortage.
3,BEDFORD -- Scientists at NitroMed Inc. hope their experimental drugs will cure heart disease someday. But lately their focus has been on more mundane matters.
3,I've submitted my bid to buy shares of Google Inc. in the computer search company's giant auction-style initial public offering. That could turn out to be the good news or the bad news.
3,"Massachusetts bargain hunters showed up in droves and shopped hard on yesterday's sales tax holiday, buying everything from treadmills and snow blowers to candles and chandeliers, and crediting the 5-percent tax break with bringing them into the stores."
3,"E-mail is a victim of its own success. That's the conclusion of IBM Corp. researchers in Cambridge, who have spent nearly a decade conducting field tests at IBM and other companies about how employees work and use electronic mail. It's clear to them that e-mail has become the Internet's killer application."
3,"Even a genius can mess up. Bill Gates was a brilliant technologist when he cofounded Microsoft , but as he guided it to greatness in both size and historical consequence, he blundered. He terrorized underlings with his temper and parceled out praise like Scrooge gave to charity. Only the lash inspired the necessary aggressiveness to beat the competition, he thought."
3,"Target the abusers of legal weapons We can all share the outrage, expressed by columnist Steve Bailey (''Summer Sizzler, quot; Aug. 11), at the killings in the city's poor neighborhoods. But there's no need to share his ignorance. He argues for renewal of the so-called assault weapon ban, claiming that otherwise, ''UZIs and AK-47s could again be flooding the streets. quot; His ..."
3,"President Bush has been saying that the US economy has ''turned the corner. quot; Democratic presidential candidate Senator John F. Kerry, in the wake of this month's poor jobs report, quipped that it was more like a U-turn."
3,"A Marlborough-based technology company is suing five former employees, including three senior managers, for allegedly conspiring against their employer while working on opening a competing business."
3,"Central Square in Lynn should be looking a bit brighter. New sidewalks, curbs, fences, lights, landscaping, and road improvements are planned for the Gateway Artisan Block, a key area of the square, with \$830,000 in state grant money given to Lynn last week."
3,"Central Square in Lynn should be looking a bit brighter. New sidewalks, curbs, fences, lights, landscaping, and road improvements are planned for the Gateway Artisan Block, a key area of the square, with \$830,000 in state grant money given to Lynn last week."
3,"A lawsuit against Gary Winnick, the former chief of Global Crossing, refocuses attention on what Mr. Winnick knew about his company's finances as it imploded."
3,Russia is again emerging as a superpower - but the reason has less to do with nuclear weapons than with oil.
3,"Kevin B. Rollins, the new chief executive of Dell, talks about Dell's transitory slip in customer service, and why he sees a broader technology recovery taking place."
3,"With the country in need of cash and rich people dying to show off their wealth, Mr. Stein proposes a unique solution: having the government sell titles of nobility."
3,Quality Distribution is hammered after reporting a large loss for the second quarter.
3,"If Hurricane Charley blows your house down, how can you make your insurance company pay?"
3,The company's results show that it's not grim all over tech world. Just all of it that isn't Dell.
3,"After a tough year, Detroit's troubled carmaker is back -- thanks to a maverick designer and a car that is dazzling the hip-hop crowd"
3,Americans are spending more on tricking out the places where they swim. Here's a look at the new wave of accessories
3,In 1993 six geeks had a digital nightmare that changed the culture. It's about to get far creepier
3,Celebrity fashion is booming. These webpreneurs are bringing it to main street
3,No other recording artist can channel American middle-class tastes quite like Chip Davis and his best-selling band
3,Got a unique problem? Not to worry: you can find a financial planner for every specialized need
3,"Today's customers are increasingly demanding, in Asia as elsewhere in the world.  Henry Astorga describes the complex reality faced by today's marketers, which includes much higher expectations than we have been used to.  Today's customers want performance, and they want it now! "
3,"Well, it's election time in the Republic of the Philippines, and that means the monkeys are rolling around in those political barrels, having as much fun as they can while laughing their heads off at the strange goings-on that characterize a democratic process loosely based on the American model  but that de facto looks more like a Fellini movie crossed with a Tom and Jerry cartoon - column includes a useful election-year glossary!"
3,"Why General Motors dropped the Oldsmobile. The four brand  paradoxes GM had to face - the name, the product, image re-positioning, and the consumer - all added up to a brand that had little hope of rebranding."
3,"Although a smattering of Chinese, Filipinos, Japanese, Indians, Thais, and others may crow about seeing their kind sitting in prominent positions in corporations and organizations in the USA, these accomplishments become mere cultural high-fives and ritualistic chest-thumping goaded and impishly patronized by 'mainstream society' - the milder and gentler term for the white-dominated populace."
3,"The Blues is alive and well in the Philippines, as evidenced by this appreciation of the Pinoy Blues band 'Lampano Alley', penned by columnist Clarence Henderson as a counterpoint to his usual economics, business, and culture fare."
3,"Globalization does strange things to people. A day in the life of a Manila Philippines based business consultant - proving that you really CAN talk about Muddy Walters, bluegrass and work all on the same page..."
3,"The new APMF survey of the best Asian tourism destinations has just kicked off, but it's crowded at the top, with Chiang Mai in Thailand just leading from perennial favourites Hong Kong, Bangkok and Phuket in Thailand, and Bali in  Indonesia. Be one of the first to vote and let us know your reasons."
3,"One of our new categories in the APMF Sense of Place survey is for best Asian business city. After a couple of days, Singapore leads the pack, followed by Bangkok, Thailand and Hong Kong. Enter your vote and comments and make your views count. More new categories include best city for livability, and best tourism destinations."
3,"I grew up in New York, where giant alligators -- sometimes more ornately described as albino alligators -- were rumored to roam the citys sewer systems. According to legend, vacationers picked up the tiny crocodilians in Florida, brought them home to New York, and eventually flushed the little buggers when they grew too big for the local concrete jungle."
3,"Do most IT projects fail? Some point to the number of giant consultancies such as IBM Global Services, Capgemini, and Sapient, who feed off bad experiences encountered by enterprises. Sapient is a company founded on the realization that IT projects are not successful, says Sapient CTO Ben Gaucherin."
3,BEA Systems Inc. has hired the Computer Associates International Inc. executive responsible for CA's Unicenter line of enterprise management software to head BEA's product development group.
3,"Autodesk  this week unwrapped an updated version of its hosted project collaboration service targeted at the construction and manufacturing industries. Autodesk Buzzsaw lets multiple, dispersed project participants -- including building owners, developers, architects, construction teams, and facility managers -- share and manage data throughout the life of a project, according to Autodesk officials."
3,"LONDON -- The U.K.'s National Health Service (NHS) has tapped IT researcher Gartner Inc. to provide market intelligence services as the health organization forges ahead with a mammoth, 5 billion (\$9.2 billion) project to upgrade its information technology infrastructure."
3,"Even though Google's two founders gave an interview to Playboy magazine in the midst of its IPO filing, the SEC allowed the company's offering to go ahead. The boys filed the interview with the SEC and corrected mistakes in it."
3,An interview with Google's co-founders due out in the current issue of Playboy may delay the company's IPO. Securities regulations restrict what executives can say while preparing to sell stock for the first time.
3,A music retailer from the Netherlands beats Apple by launching a download service in Europe's latest market battleground. Also: Movie industry wrests agreement from defunct company.... Microsoft challenges Photoshop   hellip;. and more.
3,Hewlett-Packard will pay \$297 million for the British company. Also: TiVo goes all out to attract customers   hellip;. Sprint offers service guarantees for business wireless subscribers   hellip;. and more.
3,"Verizon plans to offer a service that would act as a virtual switchboard operator, letting customers stay in touch at all times. The program would send phone calls, voicemails and e-mails wherever customers designate. By Elisa Batista."
3,A new Internet advertising forecast shows a slowdown in paid search listings in the next five years. Will the projection affect Google's prospects when it goes public?
3,"Blogs are the hottest thing on the Net, but are they messing with traditional publishing principles? One of the most popular, Fark.com, is allegedly selling links. Is it the wave of the future? By Daniel Terdiman."
3,"Reuters - The bulls and the bears are in this\together, scratching their heads and wondering what's going to\happen next."
3,Reuters - Some mutual funds invest in stocks;\others invest in bonds. Now a new breed of funds is offering\the chance to own fine art.
3,Reuters - Soaring crude prices plus worries\about the economy and the outlook for earnings are expected to\hang over the stock market this week during the depth of the\summer doldrums.
3," WASHINGTON (Reuters) - The bulls and the bears are in this  together, scratching their heads and wondering what's going to  happen next."
3, NEW YORK (Reuters) - Some mutual funds invest in stocks;  others invest in bonds. Now a new breed of funds is offering  the chance to own fine art.
3, NEW YORK (Reuters) - Soaring crude prices plus worries  about the economy and the outlook for earnings are expected to  hang over the stock market this week during the depth of the  summer doldrums.
3, (Clint Willis is a freelance writer who covers mutual funds  for Reuters. Any opinions in the column are solely those of Mr.  Willis.)
3," CARACAS, Venezuela (Reuters) - Oil exports by Venezuela  have not been disturbed by the referendum on the rule of  President Hugo Chavez, shipping sources said late Sunday."
3,"Reuters - Oil exports by Venezuela\have not been disturbed by the referendum on the rule of\President Hugo Chavez, shipping sources said late Sunday."
3,Reuters - The dollar fell to a fresh four-week low\versus the euro on Monday after a widening of the U.S. trade\gap to record levels raised worries about capital inflows in\the United States and a possible slowdown in the economy.
3, TOKYO (Reuters) - Tokyo's Nikkei fell more than one percent  by mid-morning on Monday as investors stepped up selling of  exporters such as Toyota Motor Corp. amid growing fears of the  impact of surging oil prices on the global economy.
3,"Pay for the Washington area's top executives rose significantly last year, reversing the downward trend that set in with the recession in 2001."
3,"Thanks to the SEC, shareholders now get a long-term picture of how their stock is doing, which helps in evaluating executive pay."
3," For Jeffrey J. Steiner, chairman and chief executive of Fairchild Corp., nearly \$2.5 million in salary last year was just the beginning."
3, Many of Corporate Washington's executives and board members have side deals with the companies they oversee.
3,Figuring out how much executives get paid can be like predicting the weather -- an inexact science.
3," Federal procurement spending in the Washington area rose last year at its highest rate since the 1980s, according to a study to be released today, creating tens of thousands of jobs and increasing economic growth disproportionately in Northern Virginia."
3,Reuters - Tokyo's Nikkei fell more than one percent\by mid-morning on Monday as investors stepped up selling of\exporters such as Toyota Motor Corp. amid growing fears of the\impact of surging oil prices on the global economy.
3," TOKYO (Reuters) - Tokyo's Nikkei fell 1.66 percent by  midday on Monday, extending losses into a third day as growing  fears about the impact of surging oil prices on the global  economy hit exporters such as Toyota Motor Corp."
3," CHICAGO (Reuters) - United Auto Workers (UAW) said its  members at Caterpillar Inc on Sunday voted to reject the  construction equipment maker's contract proposal, the second  time this year workers have voted against a Caterpillar  contract offer."
3, SINGAPORE (Reuters) - NYMEX crude oil futures &lt;CLc1&gt; hit a  new record of \$46.76 on Monday on worries about possible unrest  and disruption to oil supply as Venezuelans voted in a  referendum on whether to recall President Hugo Chavez.
3," CHICAGO (Reuters) - The main union at Caterpillar Inc. said  its members voted on Sunday to reject the construction  equipment maker's contract proposal, the second time this year  the workers have voted against an offer."
4,"Reuters - Was absenteeism a little high\on Tuesday among the guys at the office? EA Sports would like\to think it was because ""Madden NFL 2005"" came out that day,\and some fans of the football simulation are rabid enough to\take a sick day to play it."
4,"Reuters - A group of technology companies\including Texas Instruments Inc. (TXN.N), STMicroelectronics\(STM.PA) and Broadcom Corp. (BRCM.O), on Thursday said they\will propose a new wireless networking standard up to 10 times\the speed of the current generation."
4,Reuters - America Online on Thursday said it\plans to sell a low-priced PC targeting low-income and minority\households who agree to sign up for a year of dialup Internet\service.
4,"Reuters - A group of consumer electronics\makers said on Wednesday they approved the format for a new\generation of discs that can store five times the data of DVDs\at the same cost -- enough to put a full season of ""The\Sopranos"" on one disc."
4,Reuters - The mystery of what went wrong for the\software industry in late June when sales stalled at more than\20 brand-name companies is not even close to being solved\although the third quarter is nearly halfway over.
4,AP - The Norwegian hacker famed for developing DVD encryption-cracking software has apparently struck again  #151; this time breaking the locks on Apple Computer Inc.'s wireless music streaming technology.
4,Reuters - The ability to download complete\tracks directly over cell-phone networks to mobile phones is\becoming a reality in Europe.
4,"TechWeb - News - August 13, 2004"
4,"Reuters - Oracle Corp. sales documents\detailing highly confidential information, such as which\companies receive discounts on Oracle's business software\products and the size of the discounts, are likely to be made\public, a federal judge said on Friday."
4,PC World - Developers get early code for new operating system 'skin' still being crafted.
4,"MacCentral - Apple Computer Inc. will open its second Japanese retail store later this month in the western Japanese city of Osaka, it said Thursday."
4,AP - Hurricane Charley's 145-mph force took forecasters by surprise and showed just how shaky a science it still is to predict a storm's intensity  #151; even with all the latest satellite and radar technology.
4,"AP - With more than 4,000 scientists, including 48 Nobel Prize winners, having signed a statement opposing the Bush administration's use of scientific advice, this election year is seeing a new development in the uneasy relationship between science and politics."
4,"AP - A former dormitory converted to classrooms at the Pensacola Naval Air Station was dedicated Friday to two Columbia astronauts who were among the seven who died in the shuttle disaster Feb. 1, 2003."
4,"AP - A Russian cargo ship docked with the international space station Saturday, bringing food, water, fuel and other items to the two-man Russian-American crew, a space official said."
4,"AP - Along the banks of the canal, women in rowboats grill fish and sell fresh bananas. Families eat on floating pavilions, rocked gently by waves from passing boats."
4,"Reuters - Tyrannosaurus Rex grew incredibly fast\during a teenaged growth spurt that saw the dinosaur expand its\bulk by six times, but the fearsome beasts ""lived fast and died\young,"" researchers said on Wednesday."
4,"Reuters - Procrastinating monkeys were turned\into workaholics using a gene treatment to block a key brain\compound, U.S. researchers reported on Wednesday."
4,Reuters - Some people are born to be the life and\soul of the party -- and so it seems are some dolphins.
4,"Reuters - As Shakespeare said, a rose by any other\name would smell as sweet. Right?"
4,"Reuters - British scientists said on Wednesday\they had received permission to clone human embryos for medical\research, in what they believe to be the first such license to\be granted in Europe."
4,SPACE.com - An expedition of Russian researchers claims to have found evidence that an \  alien spaceship had something to do with a huge explosion over Siberia in 1908. \  Experts in asteroids and comets have long said the massive blast was caused \  by a space rock.
4,"SPACE.com - A nearby star thought to harbor comets and asteroids now appears to be home to planets, too. The presumed worlds are smaller than Jupiter and could be as tiny as Pluto, new observations suggest."
4,SPACE.com - A fine display of shooting stars is underway and peaks overnight Wednesday into early Thursday morning. Astronomers expect the 2004 Perseid meteor shower to be one of the best versions of the annual event in several years.
4,"SPACE.com - While the exploration of the Moon and other planets in our solar system is nbsp;exciting, the first task for astronauts and robots alike is to actually nbsp;get to those destinations."
4,"AP - Rats can become drug addicts. That's important to know, scientists say, and has taken a long time to prove. Now two studies by French and British researchers show the animals exhibit the same compulsive drive for cocaine as people do once they're truly hooked."
4,"SPACE.com - Amid uncertainty over the fate of the Hubble Space Telescope and with a key instrument not working, NASA Administrator Sean O'Keefe gave the go-ahead Monday for planning a robotic servicing mission."
4,"SPACE.com - Armadillo Aerospace of Mesquite, Texas has reported a \crash last weekend of their prototype X Prize rocket."
4,AP - The black-tailed prairie dog has been dropped from a list of candidates for the federal endangered species list because scientists have concluded the rodents are no longer threatened.
4,SPACE.com - One of the four astronomical instruments on the Hubble Space Telescope shut down earlier this week and engineers are trying to pin down the problem. The other three instruments continue to operate normally.
4,"AP - They burned it, mowed it, sprayed it and flooded it. But nothing killed the purple loosestrife weed, which has become a regional plague, until officials at the Parker River National Wildlife Refuge set a European beetle loose on it."
4,SPACE.com - NASA researchers have teamed up with a pair of Silicon Valley firms to build \  a supercomputer that ranks alongside the world's largest Linux-based systems.
4,"AP - Normally clannish and agressive Argentine ants have become so laid back since arriving in Australia decades ago that they no longer fight neighboring nests and have formed a supercolony here that spans 60 miles, scientists say."
4,"SPACE.com - Every August, when many \  people are vacationing in the country where skies are dark, the best-known meteor \  shower makes its appearance. The annual Perseid meteor shower, as it is called, \  promised to put on an above average display this year."
4,"AP - Rescuers succeeded in freeing a minke whale that washed up on a beach in southeastern Brazil, the fire department said Thursday."
4,AP - A red-footed falcon spotted for the first time in North America is enticing birdwatchers to Martha's Vineyard.
4,"SPACE.com - Gamma-ray bursts are the most powerful events in the universe, temporary outshining several galaxies and likely signaling the birth of a black hole."
4,AP - The prospect that a tropical storm and a hurricane  #151; or possibly two hurricanes  #151; could strike Florida on the same day is something meteorologists say they have never seen.
4,"AP - NASA's Genesis spacecraft successfully adjusted its course this week as it heads back toward Earth with a sample of solar wind particles, the space agency said Wednesday."
4,"SPACE.com - Flip a coin. Heads, Earth is a common sort of planet. Tails, and ours is as unusual as a coin landing on edge. That's about the state of knowledge for scientists who ponder the question of our planet's rarity."
4,"AP - His hand on a toggle switch and his eyes on a computer screen, Oregon State University graduate student Anthony Kirincich uses an array of scientific instruments to probe the vibrant waters of the Pacific. He is searching for the absence of life."
4,"SPACE.com - DENVER, COLORADO -- Those twin robots hard at work on Mars have transmitted teasing views that reinforce the prospect that microbial life may exist on the red planet."
4,"AP - India is rethinking its plan to send a man to the moon by 2015, as the mission would cost a lot of money and yield very little in return, the national space agency said Thursday."
4,"SPACE.com - When Venus crossed the Sun June 8, showing up as a clear black dot to the delight of millions of skywatchers around the world, astronomers noted something less obvious: The amount of sunlight reaching Earth dipped by 0.1 percent for a few hours."
4,"SPACE.com - For those who want to explore Mars but cant wait for a spacecraft to take them there, NASA scientists have reformulated a website that lets the general public search data and images from previous missions."
4,"AP - The U.S. Forest Service on Wednesday rejected environmentalists' appeal of a plan to poison a stream south of Lake Tahoe to aid what wildlife officials call ""the rarest trout in America."""
4,SPACE.com - One of the pleasures of \  stargazing is noticing and enjoying the various colors that stars display in \  dark skies. These hues offer direct visual evidence of how stellar temperatures \  vary.
4,"AP - Britain granted its first license for human cloning Wednesday, joining South Korea on the leading edge of stem cell research, which is restricted by the Bush administration and which many scientists believe may lead to new treatments for a range of diseases."
4,SPACE.com - A piloted rocket ship race to claim a  #36;10 million Ansari X Prize purse for privately financed flight to the edge of space is heating up.
4,"AP - Here's a dinosaur finding that parents can appreciate: The teenage Tyrannosaurus rex typically went through an explosive growth spurt, gaining nearly 5 pounds a day."
4,"SPACE.com - A leading space scientist has called to question the validity of human spaceflight, suggesting that sending astronauts outward from Earth is outdated, too costly, and the science returned is trivial."
4,"AP - Chinese astronauts are in the final stages of preparing for a manned space mission that will orbit the globe 14 times before returning to Earth, a state-run newspaper reported Thursday."
4,SPACE.com - A sunspot group aimed squarely \  at Earth has grown to 20 times the size of our planet and has the potential \  to unleash a major solar storm.
4,"AP - A lunar orbiter that Japan had planned to launch this year could face further delays, possibly until next year or later, because of a funding shortfall and problems developing the probe's information-gathering capabilities, Japan's space agency said Wednesday."
4,AP - Scientists looking into air quality and climate change have found pollutants from as far as Asia over New England and the Atlantic.
4,"AP - Experts from Europe and Asia surveyed 1,400-year-old relics of an ancient citadel in Hanoi Tuesday and said they were concerned the priceless antiquities were at risk from exposure to the elements."
4,"AP - In a victory for environmentalists, a federal judge ruled Tuesday that the Bush administration cannot change the standards commercial fisheries must meet before the tuna they catch can carry the ""dolphin-safe"" label."
4,AP - NASA said Tuesday it is moving ahead with plans to send a robot to the rescue of the aging Hubble Space Telescope.
4,"AP - Cave explorers discovered a pit inside a mountain range in central Croatia believed to have the world's deepest subterranean vertical drop, at nearly 1,700 feet, a scientific institute reported Monday."
4,AP - The chief scientist at the National Aquarium in Baltimore has launched a review of the dolphin breeding program after the death of a 4-month-old dolphin.
4,AP - Meteorologists at North Carolina State University are working on a way to more accurately measure rainfall in small areas.
4,"AP - A team taking a low-budget stab at the  #36;10 million Ansari X Prize for private manned spaceflight suffered a setback Sunday, when their rocket malfunctioned and exploded after shooting less than 1,000 feet in the air."
4,"AP - Pressured by a ranking senator from Nevada and the Environmental Protection Agency, Gov. Kenny Guinn says he might reconsider his opposition to a federal Superfund cleanup declaration for a huge abandoned mine contaminated with toxic waste and uranium."
4,"AP - Authorities once had no choice but to drop rape cases if they weren't able to catch a suspect before the statute of limitations expired. But prosecutors across the country increasingly are buying themselves time, keeping cold cases alive by indicting unidentified rapists using their DNA profiles."
4,"AP - About half the usual number of loggerhead turtles have nested between North Carolina and Florida this season, and scientists have no explanation for the drop."
4,"AP - A company that unveiled the world's first cloned cat nearly three years ago now says it is ready to start filling orders for cloned pets, a newspaper reported Thursday."
4,"AP - A new deep-sea research vessel will be able to carry people to 99 percent of the ocean floor, diving deeper than the famed Alvin that pioneered the study of seafloor vents, plate tectonics and deep ocean creatures over the past 40 years."
4,"AP - The Southern chorus frog has been found in southeastern Virginia, far outside its previously known range. The animal had never before been reported north of Beaufort County, N.C., about 125 miles to the south."
4,"AP - Scientists will use advanced technology never before deployed beneath the sea as they try to discover new creatures, behaviors and phenomena in a 10-day expedition to the Gulf of Mexico's deepest reaches."
4,"AP - The Forest Service exaggerated the effect of wildfires on California spotted owls in justifying a planned increase in logging in the Sierra Nevada, according to a longtime agency expert who worked on the plan."
4,"AP - Swedish geologists may have found a way to predict earthquakes weeks before they happen by monitoring the amount of metals like zinc and copper in subsoil water near earthquake sites, scientists said Wednesday."
4,AP - Norwegian scientists who explored the deep waters of the Atlantic Ocean said Thursday their findings  #151; including what appear to be new species of fish and squid  #151; could be used to protect marine ecosystems worldwide.
4,"AP - The number of days that beaches closed or posted warnings because of pollution rose sharply in 2003 due to more rainfall, increased monitoring and tougher standards, an environmental group said on Thursday."
4,AP - Warming water temperatures in the central equatorial Pacific last month may indicate the start of a new El Nino.
4,"AP - The Cassini spacecraft's mission to Saturn has revealed a new radiation belt around the ringed planet and found that lightning in its atmosphere is occurring in different patterns than it did when NASA's Voyagers flew by in the early 1980s, scientists said."
4,"AP - Gangs of poachers in Congo have been slaughtering the world's minuscule population of northern white rhinos, reducing the population by about one-half in just more than a year, a key conservation organization said Friday."
4,"AP - Three shark attacks off the Texas coast in the past two months are unusual but don't mean there are more sharks than normal along the beach or that they are getting bolder, marine biologists and other experts say."
4,"AP - It's a lesson many little humans could learn from baby birds: Sometimes, being nice to other youngsters pays off. Brown-headed cowbirds, like several other bird species, leave their eggs in the nests of other birds, who then feed and raise the cowbird chicks."
4,"AP - The  #36;10 million competition to send a private manned rocket into space started looking more like a race Thursday, when a Canadian team announced plans to launch its rocket three days after an American group intends to begin qualifying for the Ansari X prize."
4,AP - The University of Texas and Texas A amp;M University are planning to construct what they call the world's largest telescope with the help of a Houston businessman's  #36;1.25 million gift.
4,AP - Residents burned tires and trash in the streets Thursday trying to drive off swarms of locusts descending on the region in what a U.N. agency called the worst sub-Saharan invasion in more than a decade.
4,"A security advisory posted on Bugtraq demonstrates how hackers can compromise customers of T-mobile wireless and Verizon (landline) voicemail boxes. The advisory talks about the use of Caller-ID spoofing the customers number, allowing a bypass of the PIN code since the voicemail thinks that the customer is calling to check their own voicemail. According to Secure Science Corporation, there has been no response from the vendors. Comments have been posted that T-Mobile has optional PIN code protection off by default. Better turn it on. "
4,"It's ironic that Microsoft could help further cement its dominance in the browser market by joining its largest rival in an effort to support web standards.  nbsp;At the same time, that act would go a long way towards improving the web in general for developers and users alike."
4,"The Register ran a story on August 6th called 'Phone spam misery looms stateside.' It seems that there's legislative nastiness underway in Washington, DC to essentially gut the existing junk fax law, and replace it with a marketer's wet dream."
4,Liberal bias versus right-wing conspiracy is a wonderful distraction. There is evidence enough on both sides. How can opposite claims be true? Confront a physicist with evidence supporting contradictory hypotheses and she will go looking for a more basic cause. Let's try that.
4,"A month ago I was introduced to the works of Michel Gondry.  In short, I was amazed and tantalized by his short films and music videos.  Even if you haven't heard of him, you've probably seen his many works in Gap commercials, various music videos, and the recent movie Eternal Sunshine of the Spotless Mind.    Many of his works explode with visual elements that, when taken alone, are simple and mundane.  However, under his masterful guidance, these elements come together to form a highly mesmerizing visual experience.  He never ceases to push visual technologies and challenge our ideas about the visual medium."
4,"The Australian Defence Force must defend and project across an air-sea gap. This requires long range autonomous strike weaponry. The Joint Strike Fighter does not solve this issue and detrimentally places added pressure on Australia's limited force of aerial refuelling assets. The world's defence manufacturers are not creating strike platforms that solve Australian needs. For this reason, Australia needs to look to other nations with similar defence needs. In this case, Japan, South Korea and Taiwan all face defending an air-sea gap. Australia should enter a partnership with these nations to create a strike fighter that satisfies the strategic needs of defending an air-sea gap. The benefits of such a partnership will be many."
4,"The New Republic's website is currently carrying an interesting piece which tries to explain the anomaly that although the US economy is growing, a lot of its citizens are still feeling worse off. The article explains the results of a 40 year panel study which has shown that although mean incomes have increased, income variability has increased massively, causing many Americans to feel less well off, despite the growing economy.      "
4,"Queue submissions being scarce, I suggest we all submit limericks for consideration.  Mod up your favorites.    I'm no poet, so I'll submit a favorite of my childhood:    There was a young woman named Bright,  Who traveled much faster than light    She set out one day  In a relative way    And returned on the previous night.    I'm afraid I don't remember the author."
4,"\\Java developers often load system properties to customize the runtime behavior\of their applications.\\For example a develoepr could define a 'max_connections' system property to\define the maximum number of TCP connections that their application server can\support.  While nice, this prevents all other applications from using this\variable name.\\The first reaction to this would be to namespace your variable names.  Instead\of using max_connections you would now use\'my.application.Server.MAX_CONNECTIONS' as your property name.  This works of\course but now you have to load this property on startup.\\public static int MAX_CONNECTIONS = Integer.parseInt( System.getProperty(\""my.application.Se ...\\"
4,\\I just wanted to say thanks to IBM for Open Sourcing  Cloudscape .\\You guys really have your act together.  Keep up the good work!\\
4,\\Today Jonathan Moore  and I headed over to LinuxWorld after lunch to see what\kind of cool hardware and Linux hacks they had on the expo floor.\\Only \$15 to get in the door so I figure why not.\\I'm a bit of a privacy freak.  When you're trading some security for liberty\there are situations where it *might* be worth it.  In situations of extreme\violence having the police by your side might be a good idea.  \\I think we can all agree that trading liberty for *nothing* isn't worth it.\This country was *founded* on liberty after the British were abusing their\colonial powers.  Every true American should cherish their liberty and think\long and hard about just turning them over for no reason.\ ...\\
4,\\I'm starting to realize that my blog is a bit of a time machine.  For example I\can create a blog entry to warn myself about something that WILL happen in the\future.  \\My current NTP  blog entry is a good example.  I wrote this for myself as\much as for the people who read my blog (or find me via Google).\\I know for sure that NTP on Debian is going to bite me sometime in the future\and I'm going to forget WHY.  Then I'm going to (of course) go to Google or my\aggregator and search for NTP and then find my blog post.  \\I've done this about a dozen times now and its saved me a TON of time!\\
4,\\The Network Time Daemon (NTP  Daemon) implementation within Debian leaves a\lot to be desired.\\First off they don't include it with a working config.  You have to create your\own /etc/ntpd.conf.  To make matters worse the configuration doesn't accept DNS\names so you have to manually enter IPs.  Fun.  I can understand that they might\not want to provide ONE configuration and overwhelm one or two NTP servers but\they can provide a dynamic config that balances load among all available\servers.  There is of course the public serves list  but you have to Google\for it.\\All you really need to do here is enter a list of servers:\\server time.nist.gov\\server 192.43.244.18\
4,"\\I've been a big fan of Log4J  for a while now but haven't migrated any code\over for one central reason.  The following line of code:\\    final static Logger logger = Logger.getLogger( ""some.name"" );\\... is amazingly ugly and difficult to work with.\\Most people use Log4J with a logger based on the classname:\\So we would probably see:\\    static Logger logger = Logger.getLogger( ""org.apache.commons.feedparser.locate.FeedLocator"" );\\Which is amazingly verbose.  A lot of developers shorten this to:\\    static Logger logger = Logger.getLogger( FeedLocator.class );\\But this still leaves us with cut and paste errors.\\What if we could just reduce it to:\\    static Logger logger = Logger.g ...\\"
4,"\\""(CNN) -- A longtime associate of al Qaeda leader Osama bin Laden surrendered to\Saudi Arabian officials Tuesday, a Saudi Interior Ministry official said.""\\""But it is unclear what role, if any, Khaled al-Harbi may have had in any terror\attacks because no public charges have been filed against him.""\\""The Saudi government -- in a statement released by its embassy in Washington --\called al-Harbi's surrender ""the latest direct result"" of its limited, one-month\offer of leniency to terror suspects.""\\This is great!  I hope this really starts to pay off.  Creative solutions to\terrorism that don't involve violence.  \\How refreshing! \\Are you paying attention Bush administration?\\"
4,\\For some reason I never released this code.\\I developed it while working on NewsMonster and just forgot I think\\It's an extension for Mozilla that allows you to see all runtime exceptions\(with full stack traces) that are unhandled by Mozilla. \\Just install it and if your code generates an unhandled exception it will show\up in the logs and on the console.\\Very handy for doing any hardcore Mozilla development.\\
4,"\\""Now that the country is awash in Reagan nostalgia, some observers are predicting\that you will enter politics. Would you like to be president of the United\States?""\\""I would be unelectable. I'm an atheist. As we all know, that is something\people won't accept.""\\""What would you do if Senator Kerry asked you to be his vice president?""\\""I would question his sanity.""\\""Do you ever go to church?""\\""No. I visit my wife's sangha.""\\""So you sometimes practice Buddhism?""\\""I don't claim anything. But my sympathies would be in that direction. I admire\the fact that the central core of Buddhist teaching involves mindfulness and\loving kindness and compassion.""\\So lets get this straight.  He's an a ...\\"
4,"\\""RIYADH, Saudi Arabia (CNN) -- One of Saudi Arabia's most wanted militants has\turned himself into the authorities, the first senior suspect to surrender under\a one-month government amnesty announced last week.""\\""Othman Al-Omari, number 19 on Saudi Arabia's most wanted list of 26, accepted\King Fahd's offer of amnesty, which was made last week, according to Saudi\sources Monday.""\\""Al-Omari, who turned himself in on Sunday night, was a business partner of\Shaban Al Shihri -- the first al Qaeda member to accept the offer when he turned\himself in Friday.""\\When I first saw this I was really upset.  I thought that it would certainly\lead to more violence if they just let terrorists off the ...\\"
4,"\\""BAGHDAD, Iraq (CNN) -- Members of Iraq's interim government took an oath of\office Monday just hours after the United States returned the nation's\sovereignty, two days ahead of schedule.""\\""Led by Iraq's interim Prime Minister Ayad Allawi, each member of the new\government placed a hand on the Koran and promised to serve with sincerity and\impartiality. Iraqi flags lined the wall behind them.""\\Iraq!  Now with 100 less Coalition Provisional Authority!  Act now and get a\free Weapon of Mass Destruction (offer only available in Syria, Jordan, Saudi\Arabia, Pakistan, Syria and Iran).\\Also check out our new Puppet Government!  Keeps the kids occupied for hours!\\"
