original_label,new_label,text,cluster_size,cluster_keywords
Marketplace,Marketplace_cluster_0,"I have the following Amiga software for sale:

ProVideo GOLD                   $50

AmigaVision                     $25

B.E.S.T. Plan It!               $10
spreadsheet
(still in shrinkwrap)

SuperBack                       $10
(hard drive backup)

Certificate Maker               $10


Add s&h to the above and its yours...email me at the address listed below:
",3,[]
Medical,Medical_comatose seizures corn,"
She's published two books about her manic-depressive illness: 

_Call Me Anna: the Autobiography of Patty Duke_, Patty Duke and 
Kenneth Turan, Bantam Books 1987 

and

_A Brilliant Madness:  Living with Manic-Depressive Illness_, Patty 
Duke and Gloria Hochman, Bantam Books 1992
",1,"['comatose seizures corn', 'hours corn intoxication', 'corn intoxication banks', 'corn intoxication', 'seizures corn festival']"
Marketplace,Marketplace_sauce coincidence night,"*****************************
   * WARRIORS TICKETS FOR SALE *
   *****************************

I have 2 tickets that I can't use (Last pair this year).

Section 109, Row P, Seats 8 & 9

DAY	DATE	OPPONENT	TIME	
---	----	--------	----	
WED     4/21    Sacremento     7:30

Price: $45.00 = MY COST

Call or email if you are interested in these tickets.
",1,"['sauce coincidence night', 'food conclusion food', 'meal course shell', 'reaction food conclusion', 'food ages problems']"
Marketplace,Marketplace_books illness anna,"Followup-To:kedz@wpi.wpi.edu 
Distribution: ne
Organization: Worcester Polytechnic Institute
Keywords: 

I am looking for an inexpensive motorcycle, nothing fancy, have to be able to do all maintinence my self. looking in the <$400 range.",1,"['books illness anna', 'illness anna autobiography', 'autobiography patty duke_', 'illness_ patty duke', 'anna autobiography patty']"
Marketplace,Marketplace_student edition dos,"Cambridge  Audio  Integrated  Amp  P70  -  60W stereo solid 
     state, w/box  List $600 want $340 

     Cambridge Audio Tuner T50 - 8 presets list $350 want $200 

     Cambridge  Audio  PreAmp  C70  - list $500 want $290 

     Klipschorns  -  The Klipschorns Speakers...legends in there 
     own  time  list   ~$3k   want   $950...very   big,   corner 
     loaded..will play to unbelieveable volumes with very little 
     power. ",1,"['student edition dos', 'subaru issue manuals', 'subaru service manuals', 'dos release worksheet', 'computer stuff lotus']"
Marketplace,Marketplace_computer shoppers guide,"For Sale: 1987 Honda XR-100R dirt bike. Bought new from dealer in
           1989. Ridden only 4 hours, garage kept and well cared for.
           The bike is in MINT condition; perfect size for lady or
           young adult. price: $600 firm. You will not be disappointed.
           Ohio/Kentucky/Indiana inquiries preferred please.
 
           work: (513) - 576-5986. Leave voicemail please.",1,"['computer shoppers guide', 'friend motherboard cache', 'dealer friend motherboard', 'world atari paddles', 'ram advice book']"
Marketplace,Marketplace_hours garage bike,"Wanted: Summer sublet in NW DC, on red Metro line. Have own bedroom, but can
        share common areas with others.  Apartment or room for $400 or less.
        Move in Memorial Day weekend through end of August.  No smokers.",1,"['hours garage bike', 'sale honda dirt', 'garage bike mint', 'dirt bike dealer', 'ridden hours garage']"
Marketplace,Marketplace_february supermodel rachel,"The following cassette tapes are for sale.  $3.00 each... $2.50 each
for multiple orders, shipping included. Trades can be arranged.
Some of the cases are somewhat worn, with a few cracks, but the tapes
are all in good condition and sound fine.

E-mail to the posting account. Thanks.

The Who
	-Who's Greatest Hits
Bachman Turner Overdrive
	-Best of BTO (so far)
Van Halen
	-5150
	-OU812
The Doors
	-The Best of the Doors
The Cars
	-Door to Door
	-The Cars Greatest Hits
Phil Collins
	-Face Value
	-No Jacket Required
Tears for Fears
	-Songs From the Big Chair",1,"['february supermodel rachel', 'pa february supermodel', 'supermodel rachel williams', 'february supermodel', 'november women washington']"
Marketplace,Marketplace_warriors tickets sale,"My roommate left me his Playboy collection which he no longer wants, so I'm
offering them to the general public.  (THAT'S YOU!)

    MAKE AN OFFER FOR THE *ENTIRE COLLECTION*

    ** The Current Best Offer is $40 + shipping **

    I will accept the best offer.
    (Offer does *NOT* include cheapest method of shipping from Bethlehem, PA)

1992:
    February    (Supermodel Rachel Williams, World Tour, & POM Tanya Beyer)

1991:
    May         (Shannon & Tracy Tweed & POM Carrie Jean Yazel)
    July        (Tall girls, Miss Bulgaria, & POM Wendy Kaye)
    September   (Barbi twins & POM Samantha Dorman)
    November    (La Toya Jackson & POM Tonja Marie Christensen)
    December    (Dian Parkinson from ""The Price is Right"" & POM Wendy Hamilton)

1990:
    July        (Sharon Stone, Marilyn look-alike, & POM Jacqueline Sheen)
    October     (Girls of the Big West, Gladiator Marisa Pare, & POM Brittany
                 York)
    November    (Teri Copley from ""We Got It Made"", Sex in Cinema, & POM
                 Lorraine Olivia, stewardess)

1989:
    January     (35th Anniversary Issue - Collector's Edition)
    February    (Year in Sex, Rio's Grand, & POM Simone Eden)
    March       (La Toya Jackson & POM Laurie Wood)
    August      (Women of Wall St., Diana Lee from ""License to Kill"", & POM
                 Gianna Amore)
    November    (Donna Mills, Sex in Cinema '89, & POM Renee Tenison)

1988:
    August      (Sunshine Girls & POM Helle Michaelsen)
    October     (Girls of the Southwest Conference & POM Shannon Long)
    November    (Women of Washington, Sex in Cinema '88, & POM Pia Reyes)
    December    (Playmate Review, Sex Stars of '88, Lysette Anthony, & POM
                 Kata Karkkainen)

1987:
    November    (Jessica Hahn, Sex in Cinema '87, & POM Pam Stein)

Also:  *** Special Edition:  ""Playboy Presents:  100 Beautiful Women"" ***
-- ",1,"['warriors tickets sale', 'tickets sale tickets', 'tickets pair year', 'sale tickets pair', 'date opponent']"
Marketplace,Marketplace_auto logon password,"BOY OH BOY, HAVE I GOT A DEAL FOR YOU !!!!!!!!!

How does this sound.......

	I have decided to sell all of this as a package deal,
(unless someone really wants something seperate, then I'm open
to that as well).....

	Kramer Striker 100st electric guitar
		Dark metallic blue...
		Floyd Rose Tremlo...
		Tuning lockers at the nut...
		Great action, all-around great guitar!!

			-plus-

	Korg pme40x professional modular effects pedal board
		Has flanger, chorus, and graphic equilizer...
		Has a unique bonus...you can buy seperate pedal ""boxes""
			that sort of slide into any of the 4 existing slots..
		Mono input, STEREO output...
		Perfect for the electric or acoustic guitars!!!

			-plus-
	
	DOD American Metal distortion pedal
		Durable, great sounding pedal...
		Goes great with the Korg pedal board!!

There you have it!  Everything you need for a great sound!!!
Yours as a package deal for only........$300 o.b.o.!!!!!!!!!!!!!!!!!!

Respond by email to  dietrijj@mentor.cc.purdue.edu  or by phone at
(317) 495-4426 and ask for Jason.  Thanks in advance!!!",1,"['auto logon password', 'price battery pack', 'password security uucp', 'modems hpcc01 corp', 'list price battery']"
Marketplace,Marketplace_wrestling federation album,"I'm posting this for my Mom and Dad's neighbor.  Please contact her
directly.

				For Sale",1,"['wrestling federation album', 'guy wrestlers songs', 'studio guy wrestlers', 'bunch wrestlers studio', 'wrestlers studio guy']"
Marketplace,Marketplace_disks packard bell,"SWELL ITEMS FOR SALE - HARDLY ANY COMPUTER STUFF

o LOTUS 1-2-3 Student Edition for DOS ...................... $10.00
     This does just about everything that standard 1-2-3
     Release 2.01 could do, but not as much of it.  Worksheet 
     size is limited to 64 columns by 256 rows, there is no
     translation facility (for importing data from other
     packages), and the Student Edition does not write files 
     that can be accessed by Release 2.01.  Includes manual,
     original distribution diskettes (5 1/4"" - 360K), and key
     board templates.


o Subaru Service Manuals ................................... $10.00
     This is not a complete set, but includes sections 4, 5 
     & 6 which cover MECHANICAL COMPONENTS (suspension, wheels 
     & axles, steering, brakes, pedals & control cables, heater 
     & ventilator, air conditioning), BODY (body & exterior, 
     doors & windows, seats, seat belts, interior, instrument 
     panel), and ELECTRICAL (engine electrical system, body 
     electrical system, wiring diagram, and trouble-shooting). 
     These are the genuine Subaru issue manuals.  They are for 
     model year 1986, but have plenty of good information that 
     applies to other years as well.


o Miscellaneous Darkroom Equipment ........................ $75.00
     Solar enlarger (several objective lenses) with easel and 
     timer, negative carriers for 35mm and 2 1/4 x 3 1/4, misc.
     printing masks.  Developing tanks, thermometer, trays, 
     constant-temperature bath, ground glass, mirrors, darkroom
     lamps, glassware, el-cheap-o tripods..... and (as they say)
                             MUCH   MORE!


o Beautiful Antique Buffet ............................... $1500.00
     Solid cherry (no veneer).  Handmade, with very interesting
     dovetail corners in the drawers.  Built (we think) around 
     1880.  Not gaudy or covered with gew-gaws; a simple, elegant 
     piece of furniture, but too big (60"" long, 37"" tall, 24"" 
     deep) for our little Cape Cod house.


Will deliver pricier items (ie, over $10) anywhere in the Rochester 
area.  (And will consider delivering the others.)  Will deliver any 
of it on (or near) UofR Campus between now and graduation.",1,"['disks packard bell', 'prix disks packard', 'vga card offers', 'packard bell 39', 'monitor vga card']"
Marketplace,Marketplace_akg headphones sale,"The following comics are for auction.  The highest bid takes them! 

All are near mint to mint condition!


TITLE                                                   Minimum/Current 
--------------------------------------------------------------
Alpha Flight 51 (Jim Lee's first work at Marvel)	$ 5.00

Aliens 1 (1st app Aliens in comics, 1st prnt, May 1988)	$20.00/KrisM./SOLD

Amazing Spider-Man 136 (Intro new Green Goblin)         $20.00

Amazing Spider-Man 238 (1st appearance Hobgoblin)	$50.00

Archer and Armstrong 1 (Frank Miller/Smith/Layton)	$ 7.50

Avengers 263 (1st appearance X-factor)                  $ 3.50

Bloodshot 1 (Chromium cover, BWSmith Cover/Poster)	$ 5.00/SamE/SOLD

CyberRad 1 (Reintro CyberRad, Prestige silver edition)	$15.00

Daredevil 158 (Frank Miller art begins)                 $35.00

Dark Horse Presents 1 (1st app Concrete, 1st printing)	$ 7.50 

Detective 657 (Azrael appears, Intro Cypher)		$ 5.00

Detective 658 (Azrael appears)				$ 4.00

Harbinger 10 (1st appearance H.A.R.D. Corps)		$ 7.00/B.Matthey/SOLD

H.A.R.D. Corps 1 					$ 5.00

Incredible Hulk 324 (1st app Grey Hulk since #1 1962)	$ 7.00

Incredible Hulk 330 (1st McFarlane issue)		$15.00

Incredible Hulk 331 (Grey Hulk series begins)		$11.00

Incredible Hulk 367 (1st Dale Keown art in Hulk)        $15.00

Incredible Hulk 377 (1st all new hulk, 1st prnt, Keown) $15.00

Marvel Comics Presents 1 (Wolverine, Silver Surfer)     $ 7.50

Marvel Presents (Charleston Chew giveaway, Sam Keith)	$ 5.00

Maxx Limited Ashcan (4000 copies exist, blue cover)	$30.00

Mr T. #1 (Signed Advance copy, 10,000 exist)		$10.00

New Mutants 86 (McFarlane cover, 1st app Cable - cameo)	$10.00

New Mutants 100 (1st app X-Force)                       $ 5.00

New Mutants Annual 5 (1st Liefeld art on New Mutants)	$10.00

Omega Men 3 (1st appearance Lobo)                       $ 7.50

Omega Men 10 (1st full Lobo story)                      $ 7.50

Power Man & Iron Fist 78 (3rd appearance Sabretooth)    $20.00

Power Man & Iron Fist 84 (4th appearance Sabretooth)    $15.00

Simpsons Comics and Stories 1 (Polybagged special ed.)	$ 7.50

Spectacular Spider-Man 147 (1st app New Hobgoblin)      $12.50

Spider-Man Special (UNICEF giveaway, vs Venom)		$10.00

Star Trek the Next Generation 1 (Feb 1988, DC mini)     $ 7.50

Star Trek the Next Generation 1 (Oct 1989, DC comics)   $ 7.50

Trianglehead #1 (Special limited edition, autographed)	$ 5.00

Web of Spider-Man 29 (Hobgoblin, Wolverine appear)      $10.00 

Web of Spider-Man 30 (Origin Rose, Hobgoblin appears)   $ 7.50

Wolverine 10 (Before claws, 1st battle with Sabretooth)	$15.00

Wolverine 41 (Sabretooth claims to be Wolverine's dad)	$ 5.00

Wolverine 42 (Sabretooth proven not to be his dad)	$ 3.50

Wolverine 43 (Sabretooth/Wolverine saga concludes)	$ 3.00

Wolverine 1 (1982 mini-series, Miller art)		$20.00

Wonder Woman 267 (Return of Animal Man)                 $12.50

X-Force 1 (Signed by Liefeld, Bagged, X-Force card)     $20.00

X-Force 1 (Signed by Liefeld, Bagged, Shatterstar card) $10.00

X-Force 1 (Signed by Liefeld, Bagged, Deadpool card)    $10.00

X-Force 1 (Signed by Liefeld, Bagged, Sunspot/Gideon)   $10.00


All comics are in near mint to mint condition, are bagged in shiny 
polypropylene bags, and backed with white acid free boards.  Shipping is
$1.50 for one book, $3.00 for more than one book, or free if you order 
a large enough amount of stuff.  I am willing to haggle.

I have thousands and thousands of other comics, so please let me know what 
you've been looking for, and maybe I can help. ",1,"['akg headphones sale', 'headphones sale headphone', 'sale headphone element', 'headphone element end', 'headphones sale']"
Marketplace,Marketplace_cars greatest hits,"For Sale:
		*********

	*  (1) CGA card

	*  Road & Track's Grand Prix (3.5"" disks)

	*  DOS 4.01

	*  Packard Bell .39 dot pitch VGA color monitor

	*  256K 2-the-max VGA card

	Please make offers for the above merchandise.  What do you 
	have to lose?  Go ahead--make an offer!  Thanks.

	Email: bitzm@columbia.dsu.edu

	

",1,"['cars greatest hits', 'door cars greatest', 'best doors cars', 'best bto van', 'cars greatest']"
Marketplace,Marketplace_card stereo output,"I have a stack of records LP 33 that are from the early sixtys to mid seventys
with groups like the Beatles, Cream, Woodstock (triple album) etc etc. that I
would like to get rid of.  I would be willing to sell one or all for whatever
resonable offer.  Some albums still have the original wrapper and price tag.
I would like to get around $5 for each or you can call and make offer on the
lot.  I could list them all but I'd be typing forever.
           call (408) 296-4444


",1,"['card stereo output', 'vcr slideshow computer', 'vcr shipping pc', 'line stereo audio', 'stereo audio mixer']"
Marketplace,Marketplace_weekend end august,"I'm looking to buy the annual Playboy magazine  issue featuring
girls from colleges around the US. Specificly, I want issues from
1989, 1990, 1991 and 1992. One of these features a girl I went to
high school with, so I'm curious to see how it turned out. All help
is appreciated.
",1,"['weekend end august', 'room memorial day', 'end august smokers', 'memorial day weekend', 'apartment room memorial']"
Marketplace,Marketplace_auction prices comic,"I am looking for a copy of the first World Wrestling Federation album in
Record format.  Will pay $10 for a good condition record and original
album jacket and inserts.  The album I am looking for has a picture of
a bunch of the wrestlers ina recording studio front and back with the
good guy wrestlers and the bad guy wrestlers making faces at each other.
Songs include 'Land of a thousand dances"" or something like that.",1,"['auction prices comic', 'werewolf night copy', 'books comics collectors', 'spiderman issue darkhawk', 'shipping comics price']"
Marketplace,Marketplace_institute keywords motorcycle,"
",1,"['institute keywords motorcycle', 'keywords motorcycle', 'keywords motorcycle fancy', 'motorcycle fancy self', 'motorcycle fancy']"
Marketplace,Marketplace_home parents children,"OK.  Instead of holding an auction, I have decided to compute prices for each comic (after many suggestions).  These are the most reasonable prices I can give (not negotiable).  If you would like to purchase a comic (or group), simply email me with the title and issue #'s you want.  The price for each issue is shown beside each comic.  First come, first served!!!  There is no more bidding.  Meet my price and it is yours.  I can be reached at this email address:

02106@chopin.udel.edu or
02106@ravel.udel.edu or
02106@bach.udel.edu or
02106@brahms.udel.edu

NO MORE HAGGLING ABOUT THE PRICE!!!!!!!!
LOTS OF COMICS FOR $1, $2, or $3 LOOK AT LIST!!!!!

Shipping is $2 for 1-3 comics.  For more than 3, the price will be determined by the volume of the purchase (I may have to use a big heavy box for large orders which costs more to mail).

For all those who have bought comics from me, thanks!!!

All comics are near mint unless otherwise noted (my books were graded by
mile high comics and other comic professional collectors, not me!)

Here is the list:

*reserved* means that I have made a deal with a person and I am waiting for the check to arrive.
*reserved* comics are as good as sold (sorry!)

Incredible Hulk
156 (vs another Hulk) $3
195 $2
196 $2
246 (vs Captain Marvel) $1
248 $1
249 $1
250 (Double size issue vs Silver Surfer) $5
255 (vs Thor) $1
279 $1
300 $2
312 $2
313 $1
316 (vs Bi Coastal Avengers) $1
347 $1 *reserved*
348 $1
350 (vs Thing) $2
354 $1
358 $1
360 $1
362 (vs Werewolf By Night) $2
364 $1
365 $1
366 $1 *reserved*
379 (1 copy) $5


Punisher
50 $1
57 $2

Punisher War Journal
29 (Ghost Rider) $2
30 (Ghost Rider) $2

Punisher Armory
1 $4
2 $2

Original Ghost Rider Rides Again (Reprint)
1 $1

Ghost Rider (old series)
37 $3 *reserved*
43 (vs Johnny Blaze) $3 *reserved*
77 (2 copies, origin of GR dream) $4 each

Ghost Rider (new series)
15 (1st print, Green glow in dark cover, 1 copy) $5
15 (2nd print, gold cover w/ glow cover) $3

Web of Spiderman
56 (2 copies) $2 each
60 $3
69 (vs Hulk, 1 copy left!!!)  $2
70 (SpiderHulk, 1 copy left!!!)  $2
71 $1
72 $1
78 $1

Deadly Foes of Spiderman
1 (2 copies) $2 each
2 $2
3 $2

Amazing Spiderman vs Dr. Octopus (special NACME issue) $2

Amazing Spiderman 
350 (vs Dr. Doom, 1 copy LEFT!!!) $2

Spiderman (1990)
1 (silver, not bagged) $4
6 $3
7 $3
8 (2 copies) $2 each
9 (w/ Wolverine, 1 COPY LEFT!!!) $2
10 $2
11 $1
13 $5
16 $1

Enemy Ace Special #1 $2

New Warriors
1 (gold cover) $2
8 $4

Superman Man of Steel #1 $2

Superman (new)
53 (2 copies) $1 each
55 $1
56 $1

Adventures of Superman 
479 $1
Annual #3 $1

Superman Annual #3 (Armegedon 2001 tie in) $1

Action Comics #666 $1

Avengers West Coast #69 (Hawkeye vs US Agent) $1

Batman
465 (Robin returns) $2
466 $1
467 $1
Annual #15 (Armegedon 2001 tie in) $3

Captain America 
230 (vs Hulk) $2
257 (vs Hulk) $1


Armegedon 2001 
1 $4
2 $2


Foolkiller #1 $2


Infinity Gauntlet 
1 $6
4 $3
5 $3

Double Dragon #1 $1

Deathlok (series) 
2 $1

Transformers #80 (last issue) $2 

Wonder Man
1 $1
2 $1

Flaming Carrot #25 (w/ Ninja Turtles) $2

The Comet #1 $1

Legend of the Shield #1 $1

Justice Society of America
1 $1
2 $1
3 $1
4 $1

Official movie mag from Turtles II movie (sealed w/ Jelloman comic) $5

Robin 
1 (1 copies w/ poster) $3
1 (3rd print) $1
5 (6 copies) $1 each

Guardians of the Galaxy 
1 $6
2 $3
3 $2
4 $2
5 $2
6 $2
7 $2
8 $2
9 (2 copies) $3 each
10 $2
11 $2
12 $1
13 $3
14 $3
15 $1
16 $1
17 $1
18 (2 copies) $2 each

Superman vs Amazing Spiderman (oversized issue from 70's) $7 *reserved*

DarkHawk
1 (3 copies) $8 each
2 (2 copies) $6 each
3 $5
4 $4
5 $4
6 $3
7 $2
8 $2
9 $3
10 $1

Thor
246 $1
428 $1
429 (vs Juggernaut) $2
430 (w/ Ghost Rider) $1
431 $1
432 (Thor vs Loki, 2 copies) $3 each
433 (new Thor) $2
Annual #16 $1

What if....
13 $1
23 $1
25 $2
26 $1

Alpha Flight
29 $1
51 $6
53 $6
94 (vs Fant. 4) $1

New Mutants
22 $2
100 (last issue, 1st look at X-Force, 1st print, 2 copies) $5 each
100 (2nd print, gold cover) $4

Flash (new)
43 $1
48 $1
49 $1
50 $2
51 $1
Annual #4 $1



Uncanny X-Men
191 $3
215 $2
255 (2 copies) $2 each
258 $6
275 (1 COPY LEFT 1st print) $6
275 (gold 2nd print) $3
276 $3
277 $3
278 $2
279 $2
280 $2
281 $3
282 $4
283 $6

Defenders
52 (Hulk vs Sub Mariner) $2


Fantastic Four
347 $4
348 $2
349 (3 copies) $2 each

Wolverine
11 $3 *reserved*
20 $2
41 (w/ Cable, 2 copies) $6 each
42 $4
43 $3

Silver Surfer (1987)
1 $6
2 $3
3 $3
4 $3
5 $2
6 $2
8 $2
22 $2
24 $2
32 $2
49 $2
50 (Foil cover, only 1 copy left!!) $6
51 $2
52 $2
53 $1
54 $1
55 $1
56 $1
58 $2
59 $2

Avengers
326 $3
328 (origin of Rage) $3

X-Factor
40 $6
67 $3
68 $6
71 $3
73 $1

Green Lantern (1990)
3 $2
9 (2 copies) $1 each
10 $1
11 $1
12 $1

Toxic Avenger
1 (3 copies) $1 each
2 $1

Sleepwalker
1 (3 copies) $2 each
3 $1
7 $1

Kool Aid Man #1 (sealed in white bag, 2 copies) $2 each

X-Force
1 (bagged w/ Cable Card) $4
1 (bagged w/ Shatterstar Card) $3
2 $2
3 $1
4 $1

NFL Superpro
1  $1

Dr. Strange #31 $1

Hawkworld Annual #2 (2nd print, Armegedon 2001 tie in) $1

Hawk & Dove Annual #2 (Armegedon 2001 tie in) $1

Justice League of America Annual #5 (Armegedon 2001 tie in) $1



Send all comments to

02106@chopin.udel.edu

Thanks
Sam (the ""ex""  comic book collector)
",1,"['home parents children', 'parents children parents', 'children parents heart', 'parents heart', 'home parents']"
Marketplace,Marketplace_note device plastic,"For Sale:

Minolta Master Series-C50 VHS-C Camcorder Forsale
-=-=-=-=-=-=-=-=-=-=-=-=-=-=-=-=-=-=-=-=-=-=-=-=-

 Multidimensional Autofocus System
 6x power zoom
 Charge coupled device
 Dual-area autoexposure system (for backlit subjects)
 High-speed digital shutter 1/1000 sec
 Dual Mode Self Timer
 Date/time insert
 Linear tape counter
 Power focus
 Advanced Auto white balance system
 MIC jack, DC OUT, REMOTE connector, earphone minijack

 Excellent condition, used several times in two years
 Original box and packing
 AC Adapter/Charger  VAC-500U
 One standard VBP-500 (60 min)
 One extra VBP-501 (80 min)
 Cassette Adapter AD-2 (for full size VHS viewing)
 bunch of miscellaneous extras (RF adapter,cords, etc)

 Available immediately

 Price $550.00 US firm

 Shipping extra

Please email responses to:",1,"['note device plastic', 'device plastic', 'plastic', 'note device', 'device']"
Marketplace,Marketplace_mccormack bantam books,"I have a pair of AKG 340 headphones for sale.  They are an electrostatic
dyanmic headphone; a dynamic element for the bottom end and an electrostatic
for the high end.  They are very comfortable and sound very nice.  They are
in like new condition.  I would like $220CDN for the pair.

Brett Maraldo

",1,"['mccormack bantam books', 'zapp lightning empowerment', 'bantam books megatrends', 'fireside simon schuster', 'putnam books supervisor']"
Marketplace,Marketplace_commercials key tape,"I have recently purchased a PB170 and have no more use for my
RasterOps 8XL.  It has been a great card.  I should have traded it
with my IIci, but I forgot.  My forgetfulness si your gain.
Great 8 bit video that supports:

640x480 (Apple 13""/14"")
640x870 (Apple Portrait)
800x600 (Silly DOS monitor resolution)
1024x768 (60hz & 75hz)
1152x870 (Apple 21"")

Has hardware Pan & Zoom and supports virtual desktops up to the size of
2 Newspaper pages.  Includes standard Apple monitor cable or card to BNC,
you choose.

I am asking $250 (it's still advertised in MacWorld for up to $499). 
Completely negotiable.  I can get a monitor and sell the pair.  I will
accept offers for software or PowerBook accessory trades.
Make an offer.
",1,"['commercials key tape', 'timer playback dolby', 'announcements commercials key', 'audiophile cassette tape', 'recording timer playback']"
Marketplace,Marketplace_trade sonic hedgehog,"New plotters, 2 of 'em, straight out of the box, but docs have all been  
lost...

make offer, COD shipping...",1,"['trade sonic hedgehog', 'games trade sonic', 'sonic hedgehog ii', 'hedgehog ii copies', 'sonic hedgehog']"
Marketplace,Marketplace_sampler rack keyboard,"Forsale

1     Desktop Case, 200 Watt power supply 2 internal 5 1/4"" bays and 
      2 external 5 1/4"" origanaly Dell System 200 case. looks real good
      all hardware included.
      I would like $80 + shipping or best offer.

1     Western Digital MFM controler, 16 bit 2 floppy 2 hard, never had a
      problem with it. 
      I would like  $30 + shipping or best offer.

1     Game card, works well nothing fancy just a joystick port. 
      I would like $10 + shipping or best offer.

1     INNOVATION Game / Sound Card, Has one game port and an adlib port.
      I never used it. ( I got a soundblaster cheep before I installed it)
      I would like $5 + shipping

 All offers considered, Buyer pays shipping.


please resopnd to 
klwright@eos.ncsu.edu
or
(919) 834-3290 ",1,"['sampler rack keyboard', 'keyboard sound card', 'studio sampler rack', 'studio sampler', 'sound card audiomedia']"
Marketplace,Marketplace_offer cod shipping,"I also have a pair of size 11-11.5 Raichle Flexon Comps.
These boots are black and yellow.  they are in good condition.
I would like around $100 for them also but feel
free to make an offer.

Please reply to:  crane@coral.bucknell.edu

Thanks,",1,"['offer cod shipping', 'cod shipping', 'offer cod', 'make offer cod', 'docs make offer']"
Marketplace,Marketplace_eric address,"I am looking to sell my ICOM IC-02AT and extras.  I have the  
following:
CM-12 Battery
HS-10 Headset
HS-10SA VOX unit
Cigarette Adapter
Leather Case
BC-25V Wall Charger
IC-BP3 Battery		Also have one that needs a new cell (i think,  
its been a while)

It is in good condition, has a scratch on the front that is not  
visible when in the leather case.

If you are interested, make me an offer.

--rich
",1,"['eric address', 'eric', 'address']"
Marketplace,Marketplace_40 aviation headset,"Dragon's Lair II ($400 Complete)
-------------------------------------
 
 
  or 
 
   $220 Laser Disc
   $150 Motherboard/Joystick/buttons
   $35  Graphics (For arcade cabinet)
   $50  Brick Power Supply +12/-12/+5
 
  Space Ace ($430 Complete)
--------------------------------------
 
  or 
 
   $250 Laser Disc
   $150 Motherboard/Joystick/buttons
   $35  Graphics (For arcade cabinet)
   $50  Brick Power Supply +12/-12/+5
    
 
   Both Space Ace and Dragon's Lair II ($750)
-----------------------------------------------
 
   These games require a Sony 1450 Laserdisc player.  The
nice thing about this player is that you can also watch
normal Laserdisc movies on it as well.  I have one which I
will sell for $600 by itself, $550 with a purchase of one
complete system or $500 if you buy both systems.
 
    I currently run this into my entertainment center.  I have
it housed in a PC computer case with with its own fan, and 
power supply.  I run the audio into my stereo system, and the
laserdisc runs directly into the T.V..  I have made a mount for
the joysticks and the buttons.  First person who buys both
games will get it all, otherwise you have to do it yourself.
 
    If you would prefer to have it all housed in a normal
arcade cabinet this can be done as well.  The graphics will
go nicely along the sides and front of the cabinet.
 
    Everything works perfectly.  The laserdisc player has an
RS-232 port which you can use to develop your own multimedia
type applications.  The Laserdiscs have been stored in a safe
place and have no scratches on them.
 
    If you are interested please email me.
 
    Thanks,
 
     Soren
 
--------------------------------------------------------------
Soren Burkhart
Purdue University        ""Yes, well that is just the sort of
A.I. & Robotics		  blink-headed pig ignorance I have
zoron@en.ecn.purdue.edu   come to expect from you non-creative
			  garbage.""",1,"['40 aviation headset', 'h10 40 aviation', '40 aviation', 'headset thousands pilots', 'thousands pilots headset']"
Marketplace,Marketplace_address eridan chuvashia,"
: 	These games are forsale (or trade):

: 			* Sonic Hedgehog II (two copies)
: 			  + manuals and cases ..
: 			$25 each..
: 			(brand new!)_

Hello, I am interested in Sonic II but when I send to the address below
I get mail bounced back with ""Host unknow"" error.


: 	Please reply to : kwill@lunatix.UUCP 
: 		(subject: games)

--",1,"['address eridan chuvashia', 'eridan chuvashia su', 'eridan chuvashia', 'chuvashia su', 'inguiry address eridan']"
Marketplace,Marketplace_seperates car audio,"1988 Toyota Supra, Fully loaded automatic.
Maroon color with leather interior.
Alpine stereo system with CD changer.
Alpine car alarm
90,000 miles, great condition, one owner.

Have to leave country in June.

Asking $9,000 o.b.o.

Please call (310) 212 - 5376 and ask for Cary.

-- 
---------------------------------------------------------------------------
Bernard Lin				    Departmental Research Assistant
Computing and Information Services		Columbia Business School",1,"['seperates car audio', 'blend fm noise', 'tuning music stereo', 'auto blend fm', 'amplifier car audio']"
Marketplace,Marketplace_provideo gold amigavision,"Forsale:
 SONY MHC-3600 HI-FI Bookshelf stereo system
 -9 months old
 -CD player
 -2 tape decks
 -Digital graphic equilizer
 -Tuner
 -4 speakers 60watts/channel
 -TOP OF THE LINE SONY BOOKSHELF SYSTEM

 Includes amazing remote that actually splits into two! Everything
 can be done from the remote (remote has digital display!).
 Has the highest quality sound-amazing bass!
 Not one scratch on system. VERY WELL TAKEN CARE OF.

 Originally purchased for $1299 + tax.
 I need cash, and I am looking to get around $750 for it.
 Since I really need the money, I will sell it to the person who gives me
 the highest offer, and I WILL ACCEPT THE BEST OFFER if not $750.
 Buyer pays insured shipping.

 Reply soon if intereseted.",1,"['provideo gold amigavision', 'gold amigavision plan', 'amigavision plan spreadsheet', 'spreadsheet shrinkwrap superback', 'amiga software sale']"
Marketplace,Marketplace_color tvs fax,"Hello,

      While refurbishing our observatory I came across the above mentioned camera. It was manufactured
by the Instrument Corporation of Florida  ~ 1970. Now for my questions:

1) Does anyone have any knowledge of this equipement ?
2) Does anyone know of the company (phone numbers ?) ?
3) Are there any others out there...I need some parts.


Any responces are greatly appreciated.

                                                 take care,
                                                         jamie",1,"['color tvs fax', 'tvs fax mr', 'products color tvs', 'tvs fax', 'color tvs']"
Marketplace,Marketplace_alpine car alarm,"o Kenwood Audiophile Cassette Tape Deck
  Asking $199.00 obo + shipping, (original price I paid - $450.00),
  excellent condition, well maintained, rarely used.

  - Model KX-900
  - Kenwood Audiophile Series (Kenwood highend stereo component)
  - Programmable playback with Memory System (used to program the playback
    order if selection.  Program is stored in RAM (Random Access Memory)
    System with digital display of the song # being played)
  - Counter Memory Index (when this mode is selected, count '000' of the
    Tape Counter can be stored in memory.  This function is useful when it
    is necessary to stop of restart the tape at '000' during fast forward
    or rewind.
  - Search Mode (Searching for a selection, skipping a selection or
    repeating a selection can be preformed at a touch.)
  - Time stand by switch (this is used along with an audio timer when an
    unattended timer-recording or timer-playback is performed.)
  - Dolby NR with MPX filter
  - Bias adjustment (used to obtain optimum bias that matches the type of
    type to be played)
  - Tape selector switch (CrO2, FeCr, Normal, Metal)
  - REC MUTE key (When recording, press this key to delete undesired portions
    between programs such as announcements and commercials. When this key
    is pressed, the tape runs forwards for 5 seconds to make an unrecorded
    section, then the PAUSE function automatically stops the tape.  To
    restart recording, press PAUSE key once.)
  - Flurescent PEAK PROGRAM METERS
  - Rec level controls
  - Phone Jack
  - Mic Jacks
  - Input Selector switch
  - SPECS:",1,"['alpine car alarm', 'toyota supra fully', 'changer alpine car', 'car alarm miles', 'leather interior alpine']"
Marketplace,Marketplace_boots condition offer,"I have the following busines books/best sellers for sale.  All in excellent
order.  If you are interested email me an offer...

 1. Zapp: The Lightning of Empowerment..............William Pyham, Jeff Cox
    Harmony Books

 2. Beware the Naked Man Who Offers You His Shirt...Harvey Mackay
    William, Morrow & Co

 3. What They Still Don't Reach You at Harvard .....Mark H. McCormack
    Bantam Books

 4. Megatrends 2000: 10 New Directions for the 90's.John Nisbitt/P. Aburdene
    William, Morrow & Co

 5. Phone Power....................................George Walther
    Putnam Books

 6. What Every Supervisor Should Know..............Liester R Bittel, J.Newstrom
    McGraw-Hill

 7. MaxiMarketing: New Directions in Advertising...Stan Rapps, Tom Collins
    McGraw-Hill

 8. Outsmarting The Competition....................John McGongale, Jr
    Sourcebooks

 9. Professional Speaking..........................Lilyan Wilder
    Simon & Schuster

10. Managing Management Time......................William Ocken Jr.
    Prentice Hall

11. Getting Praised Raised and Recognized........Muriel Solomon
    Prentice Hall

12. Getting What You Want: How to Reach Agreement..Kare Anderson
    Dutton

13. Let's Talk Quality..........................Philip B. Crosby
    McGraw Hill

14. Frontal Attack, Divide and Conquer.........Richard Buskirk
    Wiley

15. Den of Thieves...........................James B. Stewart
    Simon & Schuster

16. 20/20 Vision..............................Stanley Davis, Bill Davidson
    Fireside: Simon & Schuster

If you are intersted, email please.",1,"['boots condition offer', 'comps boots condition', 'flexon comps boots', 'comps boots', 'boots condition']"
Marketplace,Marketplace_corporation florida questions,"Eric, send me email with your address, I lost it! I've reconsidered!",1,"['corporation florida questions', 'instrument corporation florida', 'florida questions does', 'corporation florida', 'company phone numbers']"
Marketplace,Marketplace_tuesday indi chicago,"Dear Fellow Usenet Users:

	I would like to give a formal apology for posting an advertisement 
about my printing business.  I did not intend this to be an advertisement, 
but rather an offer for people on the usenet, many of whom use printing
on a regular basis.  I was not aware that this is not ""legal"" on the usenet.
I am only trying to put myself through college.  For those of you who
requested information, I will write to you privately.  For those of you who 
are having fun flooding my mailbox, I think you can grow up.  To offer advice
is one thing, but to use profanity toward me is another.

Thank you,  ",1,"['tuesday indi chicago', 'airline ticket april', 'ticket april tuesday', 'april tuesday indi', 'april tuesday']"
Marketplace,Marketplace_mom dad neighbor,"Time for some spring cleaning, so the following items are up
for sale:

Roland MT-32 Multi-Timbre Sound module.  
  LA synthesis, upto 32 simultaneous voices, 128 preset timbres,
  20-char backlit LCD display, MIDI in/out/thru, reference card,
  stereo output, etc

  Great for games that support it (music on the MT32 is far
  superior to any sound card), experimenting with MIDI, or
  for adding additional sounds to your MIDI setup.

  $235 + shipping

Canon RC-250 Xapshot still video camera system.
  Includes: camera, carrying pouch, battery pack, battery charger,
  ac adapter, video cables, two 2.5"" floppies (each disk holds
  50 pictures for 100 pics total), manuals, etc

  Video output is standard NTSC composite and can be sent to any
  NTSC device (e.g. to a television for direct viewing of your
  pictures, to a VCR to record a slideshow, to a computer video
  digitizer to save/manipulate the pictures on a computer system)

  $295 + shipping

Ambico Video Enhancer/Audio Mixer
  Three-line stereo audio mixer with microphone input and master
  volume slider w/video enhancer to boost & sharpen video images
  when dubbing from VCR->VCR, camcorder->VCR, etc

  $38 + shipping

2400 baud PC internal modem

  $25 + shipping

Quantum 105MB 3.5"" internal ProDrive hard disk
  This unit has recently turned unreliable and erratic in usage.
  Could be a simple easily fixed problem or a major problem,
  but at any rate I don't have the time to find out where the
  problem lies.  If you want to take a risk on it, you can have
  it for $45 + shipping.

If interested in any of the above items, please Email me.",1,"['mom dad neighbor', 'dad neighbor sale', 'mom dad', 'neighbor sale', 'dad neighbor']"
Marketplace,Marketplace_issue girls colleges,"o Denon DCR 5490 (high power pull out cassette deck with CD changer control)

  Features:

  - 18 W X 4
  - Theft Prevention Chassis (pull out)
  - 24 station-presets (18 FM, 6 AM)
  - Denon Optimum Reception System IV (FM circuitry-Auto high blend and FM
    pulse noise cancellor)
  - Dolby B NR
  - Key off head release
  - Flexible fader-internal front amp to rear amp and/or internal front amp
    to internal rear amp
  - Auto reverse cassette mechanism
  - Up/down manual & seek tuning
  - Music sensor
  - Stereo/Mono (FM), local switches
  - Metal tape switch
  - DIN ""E"" with easy installation lock-in sleeve
  - Night illumination with dash light dimmer lead
  - Preset scan
  - CD changer control
        Random play: all of tracks on a disc
        Automatic/Manual search

  Excellent condition with Manual.

  Asking $220.00 + shipping

o Yamaha YPA-300 power amplifier (car audio)
  Features:
        - SELECTABLE 2-MODE POWER OUTPUT:
          40W x 2-ch or 90W x 1-ch - all w/ extremely low distortion (0.1% THD)
        - LOW RFI CIRCUIT effectively eliminates radio frequency interference
          which might arise from DC-DC conversion
        - FULL PROTECTION CIRCUITRY protects amplifier from potential damaged
          caused by overload, short circuiting, DC leakage, excessive heat
          or mis-wiring.
        - INPUT LEVEL ADJUSTMENT allows you to complement your system with any
          audio component
        - GOLD-PLATED RCA JACK ensures a durable, optimum contact, even under
          rugged road conditions.
        - REMOTE POWER links the entire system's ON/OFF with the cassette
          receiver's ot tuner's power switch.
        - SCREW TERMINALS allow simple wiring connections
        - POWER FUSE REPLACEMENT is a simple, one-step operation.
        - ALTERNATER NOISE REDUCTION CIRCUITRY is effectively suppressed
          during driving.
  Specifications:
    Continuous Power Output
          (per channel, 4 ohms, 2 channels driven.)
          with 0.1 % THD, 20 Hz ~ 20kHz .................35W/35W
          with 0.1 % THD, 1 kHz .........................40W/40W
          (per channel, 4 ohms, 1 channels driven.)
          with 0.1 % THD, 20 Hz ~ 20kHz ................80W(BTL)
          with 0.1 % THD, 1 kHz ........................90W(BTL)
    Speaker Impedance................................4 to 8 ohms
    Frequency Response (at 1W, 4 ohms)......10 Hz to 100 kHz (+0, -1.5dB)
    Signals-to-Noise Ratio ...............................105 dB
    Total Harmonic Distortion
        - (at 20W + 20W, 1 kHz, 4 ohms, 24 kHz, LPF)......0.005%
    Dimensions (W x H x D).....................200 x 50 x 156 mm
    Weight..........................................5 lbs. 15 oz

    List price: $250.00

    This is one of the nicest/cleanest amp that I have even owned.
    I am using two of these in my car, this is just an extra one that
    I don't really need.  If you are in the bay area, and like to listen
    to it first, let me know.

    Asking $150.00 firm + shipping (brand new in box, never been installed)


o Boston Acoustic 861 seperates (car audio speakers), 6"" woofers
  with seperate tweeters and crossovers.
  Brand new in box, never been installed, $259.00 at Good Guys
  Asking $199.00 firm

o 2 8"" MTX free air woofers, new in box, never been installed.
  Paid $49.00 each at Good Guys
  Asking $70.00 firm",1,"['issue girls colleges', 'girls colleges specificly', 'girls colleges', 'magazine issue girls', 'girl school help']"
Marketplace,Marketplace_app aliens comics,"FOR SALE

                 1945 King Feature Syndicate
                 Jaymar Specialty Company
                 200 Fifth Avenue New York, NY

                 Cardboard puzzle - NO BOX
                 Pieces worn from use
                 NO MISSING PIECES
                 Size: 13 3/4 inches by 21 1/2 inches
                 60 Puzzle Pieces

   Puzzle depicts Dagwood, Blondie, the kids, and dog Daisey with her
   puppies on a picnic with Dagwood and Alexander trying to get
   a fishing line out of a tree.",1,"['app aliens comics', 'aliens comics prnt', 'marvel aliens app', 'work marvel aliens', 'aliens app aliens']"
Marketplace,Marketplace_player laserdisc movies,"Hey, I can't send mail to you, so....

Could you please resend me your address?  I lost it (for H. in
Moscow)",1,"['player laserdisc movies', 'games sony laserdisc', 'laserdisc movies purchase', 'laserdisc mount joysticks', 'graphics arcade cabinet']"
Marketplace,Marketplace_cigarette adapter leather,"I have a Onkyo integrated amplifier that I am looking to get rid of.
	60w/ch
	works great
	Integra series
	not a problem

	Asking $100 OBO

	If your interested call me at 317-743-2656  or email this address.
	MAKE ME AN OFFER!!!

Todd
",1,"['cigarette adapter leather', 'unit cigarette adapter', 'vox unit cigarette', 'cigarette adapter', 'ic bp3 battery']"
Marketplace,Marketplace_arizona idaho wyoming,"				  ^^^
		           what the hell is 'ios'? 

Fix your own typos before you blame others....

",1,"['arizona idaho wyoming', 'mexico arizona idaho', 'oregon washington colorado', 'idaho wyoming montana', 'utah minnesota nebraska']"
Marketplace,Marketplace_payment check hours,"As it says, I'm interested in buying one of the little
label-makers, and I can't afford a new one.  Anybody
tired of theirs?

E-mail Maureen gt1706a@prism.gatech.edu

",1,"['payment check hours', 'payment cash hour', 'advance notice bank', 'cash hour advance', 'expense payment check']"
Marketplace,Marketplace_guitar korg pme40x,"Hello.  I have the following for sale.  Most of the books are
in perfect condition.  If interested please e-mail to chungy2@rpi.edu.

----------------------------------------------------------------------


Through The Telescope (hard cover)				$14.00              
Surface Physics (soft cover)					$13.00

The Physics of Structurally Disordered 
	Matter: An Introduction	(soft cover)			$55.00

Subatomic Physics (hard cover)					$57.00           
A First General Relativity (hard cover)				$20.00                 
Non-Equilibrium Thermodynamics (soft cover)			$8.00 

Advances in Atomic and Molecular Physics.  Vol 1. (hard cover)	$30.00 

Advances in Atomic and Molecular Physics.  Vol 3. (hard cover)	$30.00

Molecular Beams (hard cover)					$15.00

Molecular Beams and Reaction Kinetics. (hard cover)		$20.00 

Perturbation Methods in Applied Mathematics. (hard cover)	$40.00

Elementary Differential Equations and 
	Boundary Value Problems. (hard cover)			$27.00

Vector Mechanics for Engineers: Statics 
	and Dynamics. (hard cover)				$30.00

Free-Electron Lasers. (hard cover)				$20.00",1,"['guitar korg pme40x', 'action guitar korg', 'guitar korg', 'kramer striker guitar', 'perfect guitars dod']"
Marketplace,Marketplace_game port port,"For Sale ...:
 
        Hewlett Packard DeskJet 500 inkjet printer.
 
        o Perfect condition both internally and externally
        o Comes with two FULL ink cartridges
        o Less than six months old
        o Comes with all original packaging, manuals, cables
          and software
 
        This is truly an excellent printer and is the low-cost
        alternative to a laser printer.  It prints with the
        quality of a laser printer, but for a fraction of both
        the inital cost and he long term cost (that is,
        replacement of ink cartridges as opposed to replacement
        of toner).  The printer prints at a maximum of 300*300
        (D)ots (P)er (I)nch (D.P.I.) on many different types
        and sizes of paper, including envelopes and
        transperencies.  Printer prints in both landscape and
        portrait modes.  Printer can accept up to two
        cartridges giving it things like more memory or
        additional fonts.  Printer works excellently with
        Windows and DOS and brings TrueType to its full
        potential.
 
        I originally purchased the printer for $375.00.  Make me
        an offer, but I would prefer to stay in the $300.00
        range.  I will pay the shipping to anywhere in the 
        continental U.S.A.
 
        If you are interested, please either leave me email or
        call Kirk Peterson at (303) 494-7951 anytime.
 
        Thanks!
 
",1,"['game port port', 'game sound card', 'shipping offer game', 'game port', 'card game port']"
Marketplace,Marketplace_physics matter introduction,"Large bedroom for rent from June 1-Aug 15 in row house near JHU (Homewood).
No smokers or pets.  Share house with 2 or 3 F law students.  F professional/
student wanted. 2 bath,large kitchen - remodeled last summer, hardwood floors,
lr,dr, washer and dryer.  Beautiful details.  Rent $325 + 1/4 utilities.
Located on bus lines.",1,"['physics matter introduction', 'relativity cover thermodynamics', 'physics cover physics', 'atomic molecular physics', 'subatomic physics cover']"
Marketplace,Marketplace_make offer todd,"10 month old stereo system for sale. Luxman R-351 receiver, Onkyo TA-RW404
tape deck, and Polk Monitor M4.6 book shelf speakers are for sale. Receiver
has 5 year warranty, and all equipment is in excellent condition. Paid $950
for the system and willing to consider the best offer. Will sell seperate
pieces also if desired. Please send best offer to suraj@cs.jhu.edu.

Speakers: Polk Monitor M4.6 bookshelf speakers
	  Paid $250 pair. Willing to consider best offer.

Receiver: Luxman R-351 receiver with 5 year (yes 5 years) warranty.
	  Paid $475. Willing to consider best offer.
	  Full remote, 2 pairs of speaker connections,
	  60 watts per channel, but drives like a 150 watts per channel
	  Has all the standard features, and more.

Tape Deck: Onkyo TA-RW404 tape deck
	   Paid $275. Willing to consider best offer.
	   Dual cassette, Dolby B, C, and HX Pro.
	   Input level control for recording, auto reverse both sides.
           Has all standard features.

Send E-mail with best offer to suraj@cs.jhu.edu",1,"['make offer todd', 'offer todd', 'problem obo address', 'address make offer', 'series problem obo']"
Marketplace,Marketplace_inkjet printer perfect,"/ hpcc01:comp.dcom.modems / bourman@hpcc01.corp.hp.com (Bob Bourman) /  8:59 am  Apr 27, 1993 /
/ hpcc01:comp.dcom.modems / bourman@hpcc01.corp.hp.com (Bob Bourman) /  8:51 am  Apr 27, 1993 /
For Sale
12KBps 
Microcom MicroPorte 1042 pocket modem
New List Price $895

Rechargeable battery pack (in modem)
Auto logon, Password security, UUCP and Kermit support, remote access
DTLA cellular connection, MNP2-4, V.42 & MNP10 error correction
MNP5 & V.42bis data compression
Bell 103,212A,V.22,V.22bis & Microcom Turbo Mode
19,200 DTE & 12,000bps DCE speed
9 & 25 pin adapter cable & AC power transformer


Make Offer (>$200)
Bob Bourman
(415) 857-8409
E-Mail bourman@corp.hp.com


----------
",1,"['inkjet printer perfect', 'printer windows dos', 'printer quality laser', 'quality laser printer', 'printer prints maximum']"
Marketplace,Marketplace_trade maybe sega,"For sale :




	Bose A5 subwoofer 1 month old

	2 Advent minis    4 months old







email offers to               ",1,"['trade maybe sega', 'maybe sega genesis', 'computrer car home', 'sega genesis pair', 'computer looking trade']"
Marketplace,Marketplace_vga monitor mail,"I am auctioning off the following comics.  These minimum bids are set
below what I would normally sell them for.  Make an offer, and I will
accept the highest bid after the auction has been completed.

TITLE                                                   Minimum/Current 
--------------------------------------------------------------
Alpha Flight 51 (Jim Lee's first work at Marvel)	$ 5.00
Aliens 1 (1st app Aliens in comics, 1st prnt, May 1988)	$20.00
Amazing Spider-Man 136 (Intro new Green Goblin)         $20.00
Amazing Spider-Man 238 (1st appearance Hobgoblin)	$50.00
Archer and Armstrong 1 (Frank Miller/Smith/Layton)	$ 7.50
Avengers 263 (1st appearance X-factor)                  $ 3.50
Bloodshot 1 (Chromium cover, BWSmith Cover/Poster)	$ 5.00
Daredevil 158 (Frank Miller art begins)                 $35.00
Dark Horse Presents 1 (1st app Concrete, 1st printing)	$ 7.50 
H.A.R.D. Corps 1 					$ 5.00
Incredible Hulk 324 (1st app Grey Hulk since #1, 1962)	$ 7.50
Incredible Hulk 330 (1st McFarlane issue)		$15.00
Incredible Hulk 331 (Grey Hulk series begins)		$11.20	
Incredible Hulk 367 (1st Dale Keown art in Hulk)        $15.00
Incredible Hulk 377 (1st all new hulk, 1st prnt, Keown) $15.00
Marvel Comics Presents 1 (Wolverine, Silver Surfer)     $ 7.50
Maxx Limited Ashcan (4000 copies exist, blue cover)	$30.00
New Mutants 86 (McFarlane cover, 1st app Cable - cameo)	$10.00
New Mutants 100 (1st app X-Force)                       $ 5.00
New Mutants Annual 5 (1st Liefeld art on New Mutants)	$10.00
Omega Men 3 (1st appearance Lobo)                       $ 7.50
Omega Men 10 (1st full Lobo story)                      $ 7.50
Power Man & Iron Fist 78 (3rd appearance Sabretooth)    $25.00
                      84 (4th appearance Sabretooth)    $20.00
Simpsons Comics and Stories 1 (Polybagged special ed.)	$ 7.50
Spectacular Spider-Man 147 (1st app New Hobgoblin)      $12.50
Star Trek the Next Generation 1 (Feb 1988, DC mini)     $ 7.50
Star Trek the Next Generation 1 (Oct 1989, DC comics)   $ 7.50
Web of Spider-Man 29 (Hobgoblin, Wolverine appear)      $10.00 
Web of Spider-Man 30 (Origin Rose, Hobgoblin appears)   $ 7.50
Wolverine 10 (Before claws, 1st battle with Sabretooth)	$15.00
Wolverine 41 (Sabretooth claims to be Wolverine's dad)	$ 5.00
Wolverine 42 (Sabretooth proven not to be his dad)	$ 3.50
Wolverine 43 (Sabretooth/Wolverine saga concludes)	$ 3.00
Wolverine 1 (1982 mini-series, Miller art)		$20.00
Wonder Woman 267 (Return of Animal Man)                 $12.50
X-Force 1 (Signed by Liefeld, Bagged, X-Force card)     $20.00
X-Force 1 (Signed by Liefeld, Bagged, Shatterstar card) $10.00
X-Force 1 (Signed by Liefeld, Bagged, Deadpool card)    $10.00
X-Force 1 (Signed by Liefeld, Bagged, Sunspot/Gideon)   $10.00

All comics are in near mint to mint condition, are bagged in shiny 
polypropylene bags, and backed with white acid free boards.  Shipping is
$1.50 for one book, $3.00 for more than one book, or free if you order 
a large enough amount of stuff.  I am willing to haggle.

I have thousands and thousands of other comics, so please let me know what 
you've been looking for, and maybe I can help.  Some titles I have posted
here don't list every issue I have of that title, I tried to save space.",1,"['vga monitor mail', 'monitor mail', 'vga monitor', 'vga', 'mail']"
Marketplace,Marketplace_catbox extras boat,"LOCATION:       Corona del Mar, CA  (Orange County)

FOR SALE:       contemporary custom couch
                7' long ( 3 cushions)
                solid Black
                raw silk-like material
                rolled armrests
                clean design
                excellent condition (left behind @ parents when moved
                                     out of state)
                $450. or best offer

FOR SALE:       Wurlitzer Console Piano w/bench
                Cherry wood
                great condition
                $600. or best offer",1,"['catbox extras boat', 'condition trailer catbox', 'trailer catbox extras', 'sale hobie cat', 'hobie cat special']"
Marketplace,Marketplace_fun mailbox advice,"I have a Tektronix T921 15Mhz scope for sale.  It is a nice, simple
unit to learn on.  I used it while I was in school.  If you want one
to play with at home, this is easy and inexpensive.  It has a nice
handle and is quite lightweight and easy to move around.

I will consider selling the probes seperately for $25 ea.  They are HP
10017A probes suitable for this type of scope.  The probes are NOT
included in the price of $99 for the scope.

If you need more technical info, you will have to come look at it, as
I am not a scope expert and what I have said is all I know.",1,"['fun mailbox advice', 'information fun mailbox', 'college information fun', 'usenet users apology', 'mailbox advice thing']"
Marketplace,Marketplace_mail address moscow,"I have the following LDs for sale 20 for 1st 15 each additional,
postage (3rd class) paid.

Project A-ko (Japanese - NO ENGLISH)
Dominion Act-I (Japanese - NO ENGLISH)
Dominion Act-II (Japanese - NO ENGLISH)

Far From the Madding Crowd (LBX)
West Side Story (LBX)
Ben Hur (P&S)
The Dirty Dozen (P&S)
Star Trek V (P&S)
The Fabuluos Fleischer Folio Vol 1
Tom and Jerry Classics
Bugs Bunny Classics

-- 
brian
oplinger@ra.crd.ge.com",1,"['mail address moscow', 'address moscow', 'moscow', 'hey mail address', 'hey mail']"
Marketplace,Marketplace_usage dc factory,"For sale by owners who were also the builders

Contemporary Cape House located in Sandwich, Ma

Three bedrooms, two baths, one car oversized garage
large eat-in kitchen
Cathedral ceiling from to back living room
deck off of kitchen and dining room

20,000 sq ft
1,696 sq ft living space
full walk-out basement

$139,900, creative financing a possibility",1,"['usage dc factory', 'dc factory adapter', 'factory adapter dc', 'supply dc factory', 'heat cd machine']"
Marketplace,Marketplace_law student place,Does is include raquetball?  Is it good at Espree?  What is the annual fee?,1,"['law student place', 'student place memphis', 'memphis summer firm', 'law student', 'bar character examination']"
Marketplace,Marketplace_composer elvis presley,"This is a test. Thanks.
",1,"['composer elvis presley', 'bojangles sweet mary', 'presley number hits', 'elvis presley number', 'richie composer elvis']"
Marketplace,Marketplace_home handle probes,"For Sale:

David Clark H10-40 Aviation Headset

Excellent Condition (not even a scratch) -- original packaging.

     Discover for yourself why the H10-40 continues to be the favorite headset
of thousands of pilots.  It was the first headset to have the advanced M-4
amplified electret microphone - with a frequency response specifically
designed to match the human voice.  Also includes durable universal boom
assembly and a noise reduction rating (NRR) of 24dB.  Weighs 19 oz.

** Includes Telex ""push to talk switch""

Asking $220.00 U.S.

Shipping negotiable.     

For more information respond to: afhetzel@netcom.com (Andrew)
",1,"['home handle probes', 'school home handle', 'unit school home', 'sale unit school', 'tektronix t921 scope']"
Marketplace,Marketplace_micronics motherboard intel,"




      
",1,"['micronics motherboard intel', 'motherboard intel cpu', 'micronics cpus dollar', 'motherboard ram coprocessor', 'pc magazine price']"
Marketplace,Marketplace_house sandwich ma,"For Sale: A Thule Car rack with 2 bike holder accessories.
Comes with Nissan Pathfinder brackets but you can buy the
appropriate ones for your car cheap.
Looking for $100.00 for everything. I live in the Bethesda area.
Thanks for your interest.
",1,"['house sandwich ma', 'garage kitchen cathedral', 'house sandwich', 'car garage kitchen', 'living room kitchen']"
Marketplace,Marketplace_apple monitor cable,"Inguiry by address:er1@eridan.chuvashia.su
",1,"['apple monitor cable', 'resolution apple hardware', 'apple hardware pan', 'bit video apple', 'card bnc macworld']"
Marketplace,Marketplace_test thanks,"For Sale:

1982 - 16' Hobie Cat Special, very good condition with
trailer, catbox, righting system, many extras.  Boat
is currently garaged in Natick MA, 25 miles east of
Boston.",1,"['test thanks', 'test', 'thanks']"
Marketplace,Marketplace_lugosi film copy,"  ???????????????????????????????????????????????????????????????????????????
  ?     Dear Sirs,                                                          ?
  ?                                                                         ?
  ?     The  private  agricultural  firm  ""DINA"",  is  breeding  pedigree   ?
  ?horses of ""sportmodel""  class,  mainly  trakenensky,  gannoversky  and   ?
  ?thoroughbred horses. We have 17 heads of dams, getters of  trakeninsky   ?
  ?and thoroughbread breeds, colts of 1-2 years old, sport live-stock  of   ?
  ?horses of concour class (for passing the route  with  obstacles).  The   ?
  ?firm has a warm stable made of brick, arranged to place 60 horses.       ?
  ?     We  have  possibility  to  expand  the  field  of  activity   and   ?
  ?systematically prepare our horses of concour class for sale  for  hard   ?
  ?currency. The experienced  staff  of  the  firm  (internetional  class   ?
  ?master)  workes  for  breeding  and  training  of  horses.  Additional   ?
  ?investments are  necessary  to  purchase  of  larger  dam  live-stock,   ?
  ?construction of the riding-house for training, extra stables.            ?
  ?     For two years our firm has been  organizing  hunting  tourism  of   ?
  ?the territory of the national park not far from Moscow (about 100 km).   ?
  ?     We are also concerned in the development of  trading connections    ?
  ?on delivering food products, clothes, foot-wear etc. to Russia.          ?
  ?                                                                         ?
  ?                                                Our address:             ?
  ?                                                Russia, Obninsk,         ?
  ?                                                pr. Marksa, 34-130.      ?
  ?                                                phone:(08439)3-49-42,    ?
  ?                                                      (08439)3-42-30     ?
  ?                                                fax:  (095)255-22-25     ?
  ?                                                Electronic Mail:         ?
  ?                                                dina@litana.obninsk.su   ?
  ?                                                                         ?
  ?                                                Vyacheslav Chereshnev.   ?
  ???????????????????????????????????????????????????????????????????????????
",1,"['lugosi film copy', 'bela lugosi film', 'film copy stinker', 'lugosi film', 'copy bela lugosi']"
Marketplace,Marketplace_mail maureen gt1706a,"
  I've got a used one for sale.  I used it in high school and just don't have 
the occasion to get it out and play it anymore.  Email me and we can work out 
something on it.  I can't get email to you for some reason.  David-- 

---------------------------------------------------------------------
David B. Snyder                     Logicon Technical Services Inc.
dsnyder@falcon.aamrl.wpafb.af.mil   Wright-Patterson Air Force Base
513-255-5165                        Dayton, Ohio USA
---------------------------------------------------------------------
It is said that GOD doesn't subtract from ones' time on earth, those
hours spent flying.
---------------------------------------------------------------------
1946 Cessna 140 N76234 ""The lady in waiting"" Owner/Operator
---------------------------------------------------------------------
Opinions expressed are my own and not those of Logicon or the USAF.",1,"['mail maureen gt1706a', 'maureen gt1706a prism', 'theirs mail maureen', 'maureen gt1706a', 'mail maureen']"
Marketplace,Marketplace_home theater stereo,,1,"['home theater stereo', 'theater stereo email', 'addition home theater', 'theater stereo', 'home theater']"
Marketplace,Marketplace_hell fix typos,"I have two pairs of headphones I'd like to sell.  These are excellent, and both in great condition:

Denon AH-D350
JVC HA-D590

Any reasonable offer accepted.",1,"['hell fix typos', 'fix typos', 'hell fix', 'typos', 'hell']"
Marketplace,Marketplace_zildjian ride cymbal,"For Sale ---

        U.S.Robotics 16.8k HST external modem, including power adapter,
        Users Guide and Quick-Reference Card.

        $515.00.

        Call me voice at (513) 831-0162 -- let's talk about it.

        Herb...",1,"['zildjian ride cymbal', 'cymbal ludwig snare', 'football vic c64', 'hitachi cd player', 'ibm apple joystick']"
Marketplace,Marketplace_paperback old price,"I have a basic Apple IIgs system that I need to sell.  Everything comes with
original boxes and documentation, and is in excellent condition.  Make an
offer; I'll consider anything:

Apple IIgs 1 meg
3.5"" drive
13"" AppleColor RGB monitor
keyboard/mouse/mousepad/dustcovers/1200 baud Applemodem/random other worthless
    stuff.

Here's a list of the games/apps:

   Games:				   Applications:

BattleChess				System Disk
Defender of the Crown			System Tools IIGS
Arkanoid II				WordPerfect
Bubble Ghost				Appleworks
Shadowgate				Writer's Choice elite
Balance of Power			Draw Plus
Marble Madness				Copy II Plus
Zany Golf				ProTERM communications software
Chessmaster 2100

If interested, contact:

sunshine@cco.caltech.edu",1,"['paperback old price', 'wiley publisher old', 'publisher old price', 'bantam books paperback', 'hawking bantam books']"
Marketplace,Marketplace_cessna n76234 lady,"Cheap airline ticket to L.A. on April. 21 (tuesday) from Indi. or
   Chicago and return about in 10 - 14 days wanted.  ",1,"['cessna n76234 lady', 'hours cessna n76234', 'earth hours cessna', 'wright patterson air', 'hours cessna']"
Marketplace,Marketplace_robotics hst modem,"Finally a fax service to all Internet users in the continental U.S. without
prepayment of any kind. This service is provided by Information System
International based in Fishers, Indiana at isifisher@aol.com. As an Internet
user, your credit has been automatically approved. So you can start sending
faxes RIGHT NOW.

1. How to send a fax

To use this service, e-mail to: isifisher@aol.com in the following format:

-Your name
-Your phone number
-Your mailing address
- the number you send fax to
- the recipient's name and company 
- the address and phone number of the recipient (optional)
=====================================
- fax content

Your fax will be sent out within 24 hours. Every fax will include a standard
cover sheet free of charge which contains: (1) your name; (2) your phone
number; (3) your address; (4) the recipient's name and company.

Upon sending out your fax, a receipt will be sent for your record.

IMPORTANT: If this is your first time to use the fax service, you MUST
include the following paragraph at the beginning of your e-mail:

	I hereby authorize Information System International to open a fax account
for me. I agree to pay all charges incurred upon receiving my monthly bill..

2. What format is acceptable

	Only plain ASCII format and Rich Text Format (RTF) are acceptable. 
	(1) For plain ASCII format, Times New Roman fonts of 12-point size will be
used. 
	(2) For RTF format, your fax document will appear exactly the same as it
would appear on your local laser printer. In almost all word processing
software on PC, Mackintosh, Sun workstation, etc., you can save your document
in RTF format. 


3. How to pay

	The first time you use our fax service, we will open an account for you
under your name. You will be billed each month if you have a balance or when
your balance has been over $50.00 - whichever comes first. 

4. Cost

	The cost for continental U.S (excluding Hawaii & Alaska) is only $1.50 for
the first page, $0.75 for each additional page. Each fax will include a cover
sheet which is free.",1,"['robotics hst modem', 'let talk herb', 'sale robotics hst', 'modem power adapter', 'talk herb']"
Marketplace,Marketplace_horses sportmodel class,"I  am  cleaning  out  the coffers.  I have a virtually 
          MINT collection of HEAVY METAL magazine.  This is  NOT 
          a  music  mag  but the really neato mag with Giger and 
          Moebius  artwork,  et  al.  Jam  packed  with  amazing 
          sci-fi  and  fantasy artwork by many masters.  All are 
          mint with the exception of the 3 that have split  seam 
          on  the  cover  only but are otherwise perfect, no cut 
          outs or missing pages.  I have Sep, Nov and Dec issues 
          for 1978, ALL issues for 1979, 1980, 1981, 1982,  1983 
          and  Jan  thru  Sep  for  1984  (72  issues  in  all i 
          believe).  I will not break  them  up.  They  will  be 
          sold  as  a  single  lot.  Send  your  offers  to  me. 
          Shipping not included,  these  are  pretty  heavy.  Of 
          course  if  you are local (Mass, USA) you can come get 
          'em in person. ",1,"['horses sportmodel class', 'dina horses sportmodel', 'horses class sale', 'stock horses class', 'horses sportmodel']"
Marketplace,Marketplace_heavy metal magazine,"FOR SALE:

	1 ST4766E Seagate ESDI drive.  760 meg		$500
	  unformatted.  Without controller.  A
	  friend has tested this on his controller
	  and says that it works.  As is.


	2 meg 256kx4 70ns DRAM.				$ 3 each or $48



Please call (908) 219-5935 or email.
",1,"['heavy metal magazine', 'metal magazine music', 'masters mint exception', 'magazine music mag', 'jam sci fi']"
Marketplace,Marketplace_controller dram email,"Sony D-22 portable Diskman forsale
      
      Good condition, flawless.
      
      Costomer AC adapter : 6v DC power supply ( tested 9v DC)
       
       * The factory adapter was tested 12v DC (AC 110v input) at the 
         time I bought it three years ago. When using it, a lot of heat 
         was generated inside the CD machine. Of course I wouldn't use 
         it to risk this baby's life. Maybe that's why so many owners 
         always complain about their portable machine going kaput after 
         a short time usage. 

       * 9v DC factory suggested
      
      LED display
",1,"['controller dram email', 'email', 'dram email', 'drive controller friend', 'friend controller dram']"
Marketplace,Marketplace_usenet speculation people,"
Non-smoking, normal law student needs furnished place to live in Memphis
this summer.  I'll be working at a firm downtown and will have
to pass the bar character examination, so you don't have to worry about 
your stuff being broken or stolen.  Call Chris at (804)979-2519
or leave e-mail.
",1,"['usenet speculation people', 'usenet speculation', 'dumping ground ads', 'junk rest transaction', 'pcs markup trying']"
Marketplace,Marketplace_beatles cream woodstock,"I'm trying to set up a personal studio.

What I'm looking for are a cheap sampler(rack or with keyboard)

or a cheap sound card (AudioMedia I or II or something similar).",1,"['beatles cream woodstock', 'sixtys groups beatles', 'groups beatles cream', 'cream woodstock album', 'beatles cream']"
Marketplace,Marketplace_vacation home ski,"**********

Hitachi CD player (needs cd spin motor) $30 shipped 

  JoYSTICKS..

	an IBM/apple joystick three fire buttons
	apple joy stick (//c //e)
	kraft track ball  make offers..

coleco vision items:

	two working Consoles w/ working controllers in great shape
	one roller ball controller
	two Super ACtion conrollers
	one 'standard' joystick

games:
	SA baseball
	SA rocky
	SA football

VIc 20 and C64 with powersupplies and RF modulators... make an offer

Vic20 Catridges:  Raid on Fort Knox - Omega Race

******

Early 80's Epiphone Acoustic guitar
spruce top.. mohogany back, sides and neck

adjustable bridge, plays very nice

small hole in side for jack (had a pickup at one time)

$175 + shipping

******

Yamaha CS-5 ANalog synthesizer

Three octave keyboard

VCO - single oscillator range from 64' to 2'

Tone sources - Saw tooth, square, noise and external sound 

VCA - can be modulated

VCF - Cut off, resonance, LFO MOD, envelope generator depth

pitch bend slider, CV in and out, trigger in and out, external
tone source in...  the keyboard is in perfect working order and
is colored black and white

$150 + shipping

**********
DRUM stuff..

North heavy Duty hi hat stand $45  
	older stand... but definately in working shape.. could
	use a little clean up.  comes with clutch and felts, etc..

Pearl bass drum pedal with felt beater $20 

honer cymbal stand $15 (needs some work on cymbal stem)

Zildjian 20"" Ride cymbal  $55 
	main line zildjian... older ride cymbal

Ludwig snare stand $10
	okay snare stand.. NOT like a remo though ;) 


shipping extra.. please email

if you have questions about anything, please email me
",1,"['vacation home ski', 'home ski luxury', 'ski luxury hotels', 'golf stream lake', 'home ski']"
Marketplace,Marketplace_audio preamp c70,,1,"['audio preamp c70', 'amp p70 stereo', 'tuner t50 presets', 'audio tuner t50', 'p70 stereo']"
Marketplace,Marketplace_bookshelf stereo months,,1,"['bookshelf stereo months', 'stereo months cd', 'tuner line sony', 'sony bookshelf includes', 'fi bookshelf stereo']"
Marketplace,Marketplace_classics bugs bunny,"I'm looking for a copy of ""Bela Lugosi's last film."" If anyone has a copy
of this stinker, please e-mail me. (Also, if anyone knows a better place to
post this, please tell me).
",1,"['classics bugs bunny', 'jerry classics bugs', 'bugs bunny classics', 'classics bugs', 'bugs bunny']"
Marketplace,Marketplace_vinyl copy men,"I would like to buy a cheap modem for my Mac. Did I mention that I would
prefer it to be cheap?  2400 baud preferred, but when you're looking for
cheap (and I do mean cheap) beggars can't be choosers.  E-mail me.",1,"['vinyl copy men', 'folk iii vinyl', 'album vinyl cd', 'iii vinyl copy', 'vinyl cd']"
Marketplace,Marketplace_catalogs manuals car,"Hi, everyone,

	Here are some books for sale, all prices are negotiable!!
	(****Shipping fee is not included!!)

	1. Signals and Systems, Alexander P. Poularik and Samuel Seely
	   PWS-KENT Publisher,	Old price: $10
				New Price: $8.50!!!!

	2. Probability: an introduction, Samuel Goldberg
	   Dover Publisher, 	Old price: $4
				New Price: $2!!!!!!!

	3. Digital Image Processing and Computer Vision, R. Schalkoff
	   Wiley Publisher, 	Old price: $30 
				New Price: $26!!!!!!

	4. Digital Image Processing, R. Gonzalz and P. Wintz,
	   Addison Wesley Publisher, Old price: $25
				New Price: $22.50!!!

SOLD!!..5. X Window System User Guide (for X11R4), O'Reilly Associate
	 
	6. The Best Book of MS-DOS 5, Alan Simpson
	   SAMS, 		Old price: $12
				New price: $8.50!!!!

	7. Elements of Modern Algebra, Hu
	   Holden Day Publisher, Old price: $8
				New price: $3.00!!!!

	8. Symmetries, Asymmetries and the World of Particles, T.D. Lee
	   Washington Publisher, Old price: $12
				New price: $9.50!!!!

	9. Elementary Particles and the Laws of Physics - the 1986 Dirac		  Memorial Lectures, Cambridge Publisher, Old price: $8
				New price: $6.00!!!!

	10. A Brief History of Time, Stephen W. Hawking
	    Bantam books (Paperback), Old price: $8 
				New price: $4.00!!!!


	
",1,"['catalogs manuals car', 'manuals car car', 'sell parts car', 'car car message', 'brand car shape']"
Marketplace,Marketplace_stereo sale luxman,"I have for sale teh USWEST SearchDisc CDROM Phone Directory.  This has
the names, phone number, address, business/residence information for
all regions covered by US West.  States includes Oregon, Washington,
Colorado, New Mexico, Arizona, Idaho, Wyoming, Montana, Utah, 
Minnesota, Nebraska, Iowa, North Dakota, and South Dakota.

Have have two CDROM disks, one for June 1992, the other for Oct. 1992.

If you are interested, make an offer, thanks.",1,"['stereo sale luxman', 'month stereo sale', 'cassette dolby hx', 'stereo sale', 'shelf speakers sale']"
Marketplace,Marketplace_drive applecolor rgb,"Available for Weekly/bi-weekly/weekend Rental :

A brand new chalet in a private resort community located in the heart
of the Pocono Mountains. The chalet has 3 bedrooms and 2 bathrooms and
features full carpeting, cathedral ceiling in living/dining room, an
overlooking loft, stone fireplace, wraparound deck, country kitchen
with all appliances and many other features too numerous to list them
all. Its custom designed and built and tastefully furnished for the
comfort of 8 adults.

The community has 24 hour security and offers 2 large lakes, 4 sandy
beaches, 2 swimming pools, 9 tennis courts, many picnic areas,
4 playgrounds, miniature golf, trout stream/lake fishing, team softball,
shuffleboard, ice skating/tobagun run, teen dances, club house etc. etc.

There are many recreational facilities within easy reach of the
vacation home. Ski resorts, luxury hotels with nitely entertaiment,
Pocono international raceway, golf courses, parks, gamelands,
whitewater rafting, horseback riding, scenic trails, waterfalls,
train rides, historical places, all kinds of restaurants,
factory outlet malls, tourist attractions, just to name a few.

This is an ideal place for a family/group vacation or a weekend
getaway. There is no traffic congestion and air or water pollution
and its only 2 hours from New York, Northern New Jersey and
Philadelphia.

For further information call :",1,"['drive applecolor rgb', 'communications software chessmaster', 'software chessmaster', 'apple iigs boxes', 'software chessmaster contact']"
Marketplace,Marketplace_piano bench cherry,"=============================================================================
NOTE: This is being posted for a friend. DO NOT REPLY to my account. Please 
      direct all replies to Scott Burke at scott@sparcom.com
=============================================================================

Alpine 5959S 6-CD Shuttle.  Paid $600, want $420/OBO.
Alpine 1203 Remote CD Changer Control.  Paid $250, want $175/OBO.
Boston ProSeries 10.0 Subwoofers (2) + Box.  Paid $545, want $380/OBO.

All equipment is under 6 months old and includes a full-replacement 5-year
warranty from original point of purchase.  The subwoofer box was custom
designed to fit in the back of a Bronco II and is 14"" by 21"" by 27"".

Send replies to: scott@sparcom.com

-----
Scott Burke - Project Leader - Sparcom Corporation - Corvallis OR
scott@sparcom.com - Telephone (503) 757-8416 - FAX (503) 753-7821


-- 
------------------------------------------------------------------------------
                     ""Just waiting for the nuts...""
             Brett Barksdale        brett@porky.oce.orst.edu",1,"['piano bench cherry', 'wurlitzer console piano', 'bench cherry wood', 'console piano bench', 'console piano']"
Marketplace,Marketplace_cheap beggars choosers,"F O R   S A L E
			================

		Triumph Spitfire '76, 1500
                - Convertible
	        - 54,000k original miles
		- Burgandy Color
		- Wooden Dashboard
                - No rust
		- Garage kept
		- Heater
		- Chrome bumpers(not the black plastic crap)
		- Brand new top
		- Asking $3,000 --negotiable
	
	* Mechanically the car is in a very good shape and it is running
          very-very strong(if you know what I mean)...:)
	* Plenty of catalogs and manuals are coming with the car 

	If you are interested in the car please reply to this message.


		I AM NOT INTERESTED OR WILLING TO SELL ANY PARTS.
		The car is in a very good condition to strip it.
",1,"['cheap beggars choosers', 'cheap cheap beggars', 'cheap beggars', 'baud cheap cheap', 'baud cheap']"
Marketplace,Marketplace_headphones condition denon,"""Bare"" = case, a power supply, and a motherboard (with RAM and a coprocessor).
Everything else is yours to add as you like.

The motherboard:
    - US-made Micronics 8-slot motherboard with Intel 386dx/25mhz CPU
    - 64kb SRAM cache
    - 4mb 80us RAM using 4x1mb simms (worth $120 alone)
    - Cyrix 83D87 math coprocessor (worth $90 alone)
    - Norton SI 6.0 rating of 26.1
    - Latest version Phoenix BIOS

The case/power supply:
     - Standard desktop case. 230watt power supply with the usual connectors.
     - Room for five floppy/hard drives (three visible, two internal).

*New* Micronics CPUs often command a several-hundred dollar premium
over clone motherboards because they are US-made, use high-quality
components, and are known to be both very reliable and compatible. They
have been OEMed in systems sold by both Gateway and Zeos at various
points in the past. (Check out the ads in the back pages of Byte or PC
Magazine if you want to see this price differential for yourself.)

Price: $450 complete, $100 less if you don't want/need the case and
power supply. The board is fully guaranteed. Email for further details
or for any questions.

Thanks!",1,"['headphones condition denon', 'pairs headphones condition', 'headphones condition', 'pairs headphones', 'ah d350 jvc']"
Marketplace,Marketplace_applies drive email,"

Oh no!  Someone is provided useful information AND mentioned that they
made money in the field.  Don't they know that usenet is reserved for
uninformed speculation by people trying to sell their personal stuff
(from houses to dead pcs) at a huge markup/trying to unload stuff they
bought from their company at just under retail, and other
""non-commercial"" activities.


The net is not ""supposed"" to be a dumping ground for free ads, but
reserving it for tripe doesn't seem to be a significant improvement.


So?  Either they target it well enough to pay for it, in other words,
they manage to send it to people who want the stuff (in which case it
is junk only for the ""rest"" and the transaction costs are borne
appropriately in this case) or they go bankrupt.  Seems fair to me.


You could hold your breath.  You could kill offending messages as
they come onto your machine and refuse to send them any further,
but not until you turn blue.

-andy",1,"['applies drive email', 'meg drive ibm', 'drive email offer', 'drive ibm', 'simms motherboard price']"
Marketplace,Marketplace_fax hours fax,"FOR SALE:

Kenwood Audio/Visual Surround sound Receiver.
* 1.5 yrs old, perfect condition, still under 5 year warranty.
* 75 watts x 2 front + 5x2 watts rear surround.  Dobly surround.
* 3 video, 2 tape, 1 CD, 1 Phono input.
* Full easy-touch button control for all functions
* Bass/treble/balance/rear level knobs
* Earphone input
* Digital synthesized tuner with 20FM/10AM presets. 
* Full logic-remote control:  with volume, mute, tuner and other controls.
* Has three outlets in the back, can connect all your equipment and turn them
  on at the same time  
* Includes manuals, cables, and original packaging.

A great addition for anyone starting out a home theater, or stereo system.

Originally purchased at $379, Asking $150.

email:  jburgin@ralph.cs.haverford.edu
phone:  215-645-5620",1,"['fax hours fax', 'fax fax hours', 'credit faxes fax', 'fax service internet', 'international fax account']"
Marketplace,Marketplace_keyboard layout,"I'm looking to buy a 100% working keyboard for a 286 system (preferably 
a 101 layout.)  I'm looking to spend about $20.


-- ",1,"['keyboard layout', 'keyboard', 'layout']"
Marketplace,Marketplace_puppies picnic dagwood,"We are representing some Chinese TV manufacturers who want to wholesale their
products to Latin American countries. We are looking for brokers/agents who
can help us. Products include both color and black/white TVs from 11"" to 24"". If interested, please e-mail or fax to Mr Z Ho at 713-926-7953 (USA) for more information or inquiries. good commission.
",1,"['puppies picnic dagwood', 'daisey puppies picnic', 'puppies picnic', 'dog daisey puppies', 'daisey puppies']"
Marketplace,Marketplace_blender speeds cookbook,"Reduced Prices! 
I have a list of things forsale on behalf of my brother, who's moving (moved
already)

								Offer:
1) Black and Decker Duster Plus (Portable Hand Vaccum)	
 	purchased for $32, 					  $12

2) SR-1000 Dual Cassette Portable Player, AM/FM
5-Band graphics Equalizer, high speed dubing, Duo 
Tape.Tape deck A, seems to have lost treble sound. 
But, I bet  it's fixable.
	purchased for $80					  $25

3)Monolux Zoom MicroScope, up to 1200X magnification
Made in Japan, includes case and accessories
	purchased for $50					  $20

4)Sunbeam 1400 Hair Dryer, the dryer you put your 
head under/into. You know, the ones you see in the salons.
(Don't ask me why my bro had it)
	purchased for $60				          $24

5)Everylast Speed Bag, all leather. Brand new, never 
used								  $10

6)Osterizer Pusle Matic Blender, with 10 speeds 
and a cookbook, 5 years old					  $10
	purchased for $50

8)Binolux Binoculars . 7x35, extra wide angle
525ft. at 1000yds. with case. very new.		                  $20

9)Proctor and Silex Spray,Steam and Dry Iron.
very new.							  $10


Any questions, contact me thru e-mail and I will reply expeditously
And always, S+H are not included, so please consider this.

And lastly, I'm a very reasonable.Very Reasonable.",1,"['blender speeds cookbook', 'brand osterizer pusle', 'pusle matic blender', 'cookbook years binolux', 'leather brand osterizer']"
Marketplace,Marketplace_car cheap bethesda,"My girlfriend switched to gas-permeable hard lenses and no longer
needs a one year old soft contact lens cleaning unit.  It's one of
those where you pop in the lens case filled with solution and the
lenses, press the lighted timer button and let it cook.  No stains
(of course -- if you've owned one of these, you understand), maybe
a little dust on the cover.

Best cash offer, or equivalent worth in used CD's or Betamax tapes
(some blanks or a couple of pre-recorded movies/concerts).

gld",1,"['car cheap bethesda', 'car cheap', 'ones car cheap', 'sale thule car', 'nissan pathfinder']"
Marketplace,Marketplace_c50 vhs camcorder," and  A VGA monitor..
e-mail
",1,"['c50 vhs camcorder', 'vhs camcorder forsale', 'charger vac 500u', 'adapter charger vac', 'autofocus power zoom']"
Marketplace,Marketplace_paid remote cd,"
: Men Without Hats - ""Folk of the 80's (Part III)"" - vinyl

Anyone out there who is willing to part with their copy of

Men without Hats, ""Pop goes the world!"" album on vinyl...or perhaps CD...

please contact me, we wish to purchase it!
",1,"['paid remote cd', 'sparcom com scott', 'scott sparcom com', 'alpine shuttle paid', 'shuttle paid remote']"
Marketplace,Marketplace_girlfriend lenses year,"I have a 41M IDE HD forsale or trade.  I would like to trade it if possible.

HD
- 41M
- IDE Westren Digital
- No errors or bad sectors
- 13.8ms access time
- 855 kilobytes per second transfer rate
- working in my computer right now.

LOOKING FOR IN A TRADE MAYBE
- SEGA Genesis
- a pair of Sub Woffers
- Souround Sound Stereo/Reciever
- ANY KIND OF ELECTORNIC EQUIPMENT (IF YOU HAVE ELECTORINIC EQUIPMENT I LIKE 
                                    ALMOST ANY KIND OF COMPUTRER, CAR, OR HOME
                                    EQUIPMENT, -- IF YOU WANT TO MAKE AN OFFER
                                    ON A TRADE LET ME KNOW. --CD PLAYER ..ect)

Please if you are interested in a trade let me know.  

email ------ rogess@sage.cc.purdue.edu

",1,"['girlfriend lenses year', 'cd betamax tapes', 'worth cd betamax', 'movies concerts gld', 'couple movies concerts']"
Marketplace,Marketplace_raquetball espree fee,"I have the following CDs for sale for $6 each plus postage.
All CDs are in perfect condition.


Michael Bolton        Time, Love & Tenderness      
Paula Abdul          Forever Your Girl
Taylor Dayne            Tell it to My Heart
Lionel Richie       The Composer
Elvis Presley      18 Number One Hits
Bobby Vinton       Greatest Hits
Super Hits of the 70's 
(includes  Yellow River, Rose Garden, For the Good Times, 
Help Me Make it through the Night, Mr. Bojangles, Sweet Mary, 
One Toke Over the Line, Put Your Hand in Hand, Stay Awhile,
Woodstock, Silver Bird, I Ain't got time Anymore)",1,"['raquetball espree fee', 'does raquetball espree', 'does raquetball', 'raquetball espree', 'raquetball']"
Marketplace,Marketplace_homewood smokers pets,Note: The device has never been used (IE: still in plastic) and is 10baseT,1,"['homewood smokers pets', 'pets share house', 'bedroom rent june', 'student bath summer', 'house law students']"
Marketplace,Marketplace_bose a5 month,"Panasonic KX-T3000H, Combo black cordless & speaker phone all in one.
 new- $160, now- $100 + shipping OBO.
 
Curtis Mathes VHS VCR Remote included and it works with universal remotes.
 Works great but I replaced it with a Stereo VCR.
 paid $300 years ago, will sell for $125 delivered OBO.
 
Radio Shack stereo amp.  2 inputs, tone, and left and right volume.  Speakers
 not included.  $20 plus shipping.
 
If you are interested in either of the above mail me at
 radley@gibbs.oit.unc.edu or call me, Keith, at 919-968-7779.
 
PS- I made a type on my email address the first posting.  It is now correct.",1,"['bose a5 month', 'months email offers', 'minis months email', 'a5 month advent', 'a5 month']"
Marketplace,Marketplace_radio shack stereo,"Greetings netters,
	I have the following items for IMMEDIATE sale.  I need the money and
if you need the stuff, we can work out a deal.  :)

Sharp single disk cd player
	Originally paid oodles, but that was a couple of years ago.  It works
	well, has all the standards...(remote sensor[remote not included];
	20 track pragrammable memory; etc.)  I got a new one and need to sell
	this one.  Please email me an offer!!  (it's the standard black 
	component style cd player)

3.5"" 1.44 meg floppy drive
	A real IBM floppy drive with cable and mounting case.  I paid $40
	a couple of months ago.  The drive works (as last time in).  I
	would like to get the $40 back for it, but OBO applies.

5.25"" 360K floppy drive
	I'm sure someone out there needs an extra 360K.  It works great and
	is nice and quiet.  Again, please email offer.

RC10 remote control car
	4 time world leader design.  It was just overhauled.  It runs great,
	even though the body if not all that pretty.  Has new engine in it 
	as well as racing pinion.  The chassis is nicked up from hard running,
	but it's still a great car.  Does not include electronics.  Comes 
	with monster truck conversion kit (wheel arms already installed)-virgin
	truck body and bumper etc.  Car+kit=$100+20=$120 OBO...make an offer!

D&D stuff...you name it, I probably have it.  Please send email regarding what
	you want...or a request for sale list.  I hate to part with any of it, 
	but needs are needs, eh?  

Misc CD's
	Alice in Chains - Facelift    $8
	Skid Row (self titled)  $8  both obo...really.

Box of computer printer paper...paid $20 for it, make offer.

I might have 4 1*9 meg **60** ns SIMMS forsale if I get a new motherboard...
	if you interested, the price is $40 a piece sold as a set.
",1,"['radio shack stereo', 'vhs vcr remote', 'remotes stereo vcr', 'remote remotes stereo', 'vcr remote remotes']"
Marketplace,Marketplace_marvel aliens app,"I'd offer $150 for your scanner, shipping at your expense, payment to
be sent by personal check within 24 hours after receipt of goods -- or if
you live nearby and can deliver, payment in cash with 24 hour advance notice
so I can go to the bank.  If sent by mail, I reserve the right to return
it at my expense if when I check it out I find it to be defective in some
way.

BTW, why would you sell such a fine scanner?  Did you replace it with
some other instrument or find it not to be satisfactory in some way?",1,"['marvel aliens app', 'app aliens comics', 'work marvel aliens', 'aliens comics prnt', 'aliens app aliens']"
